{"Mean":{"confidence_interval":{"confidence_level":0.95,"lower_bound":7905.843612371494,"upper_bound":12695.556093103081},"point_estimate":10130.158143117045,"standard_error":1224.5737114584952},"Median":{"confidence_interval":{"confidence_level":0.95,"lower_bound":7060.2809178078,"upper_bound":11213.270391921116},"point_estimate":10304.124219027675,"standard_error":1218.9713694133297},"MedianAbsDev":{"confidence_interval":{"confidence_level":0.95,"lower_bound":6798.558242850685,"upper_bound":14410.905496379823},"point_estimate":11637.957052133703,"standard_error":1911.8109952412078},"Slope":{"confidence_interval":{"confidence_level":0.95,"lower_bound":10140.9009258738,"upper_bound":12192.691719372744},"point_estimate":11160.495570057728,"standard_error":522.8965375922479},"StdDev":{"confidence_interval":{"confidence_level":0.95,"lower_bound":7815.63661003065,"upper_bound":16808.407136649872},"point_estimate":12298.463020023031,"standard_error":2370.5696858392125}}