{"Mean":{"confidence_interval":{"confidence_level":0.95,"lower_bound":15640.817070549454,"upper_bound":17189.32236279845},"point_estimate":16344.407613314108,"standard_error":394.96942600820927},"Median":{"confidence_interval":{"confidence_level":0.95,"lower_bound":14619.43894736842,"upper_bound":15424.51125},"point_estimate":15055.244819543563,"standard_error":207.60784150583441},"MedianAbsDev":{"confidence_interval":{"confidence_level":0.95,"lower_bound":1083.512754677102,"upper_bound":2092.2943234714103},"point_estimate":1497.9328905901925,"standard_error":258.0643763415638},"Slope":{"confidence_interval":{"confidence_level":0.95,"lower_bound":14238.428376753242,"upper_bound":14571.43185201486},"point_estimate":14392.55000194442,"standard_error":85.32193859868265},"StdDev":{"confidence_interval":{"confidence_level":0.95,"lower_bound":2403.9202728893497,"upper_bound":5536.510772235174},"point_estimate":3962.2924193490794,"standard_error":839.7227815112863}}