{"Mean":{"confidence_interval":{"confidence_level":0.95,"lower_bound":249107.6462300854,"upper_bound":336874.28432977415},"point_estimate":292468.6860078814,"standard_error":22364.28948503009},"Median":{"confidence_interval":{"confidence_level":0.95,"lower_bound":251436.7816091954,"upper_bound":344669.1176470588},"point_estimate":295209.7144314125,"standard_error":17916.875758398062},"MedianAbsDev":{"confidence_interval":{"confidence_level":0.95,"lower_bound":146377.78009501565,"upper_bound":317748.9232902806},"point_estimate":234873.69374682504,"standard_error":52358.75519498006},"Slope":{"confidence_interval":{"confidence_level":0.95,"lower_bound":326085.7344067107,"upper_bound":394208.7594326263},"point_estimate":360097.71694606176,"standard_error":17388.195320719737},"StdDev":{"confidence_interval":{"confidence_level":0.95,"lower_bound":192282.67288058286,"upper_bound":256739.58038682348},"point_estimate":225220.41967655995,"standard_error":16440.682124781986}}