{"Mean":{"confidence_interval":{"confidence_level":0.95,"lower_bound":267493.1303258687,"upper_bound":367883.0752044029},"point_estimate":315359.38700040075,"standard_error":25618.354825864146},"Median":{"confidence_interval":{"confidence_level":0.95,"lower_bound":270630.9567448681,"upper_bound":334224.5989304813},"point_estimate":305536.0832349469,"standard_error":17149.05388223123},"MedianAbsDev":{"confidence_interval":{"confidence_level":0.95,"lower_bound":142904.8270083867,"upper_bound":240154.00291344765},"point_estimate":181471.527242453,"standard_error":24060.76626827603},"Slope":{"confidence_interval":{"confidence_level":0.95,"lower_bound":274810.6376335865,"upper_bound":340052.16512909444},"point_estimate":307290.0573991429,"standard_error":16599.06504558079},"StdDev":{"confidence_interval":{"confidence_level":0.95,"lower_bound":189733.13381065676,"upper_bound":326414.012743809},"point_estimate":257681.04757715913,"standard_error":35495.69887945745}}