{"Mean":{"confidence_interval":{"confidence_level":0.95,"lower_bound":95631.45191745841,"upper_bound":129146.37148996274},"point_estimate":110731.37493470097,"standard_error":8607.143633381684},"Median":{"confidence_interval":{"confidence_level":0.95,"lower_bound":109963.17512274958,"upper_bound":123488.88107478901},"point_estimate":113973.61559047553,"standard_error":3609.0586424638827},"MedianAbsDev":{"confidence_interval":{"confidence_level":0.95,"lower_bound":26746.28326018524,"upper_bound":52124.18241917198},"point_estimate":41312.63662919146,"standard_error":6750.7923545894955},"Slope":{"confidence_interval":{"confidence_level":0.95,"lower_bound":115942.55292836086,"upper_bound":125875.53885153725},"point_estimate":120936.87124957088,"standard_error":2526.7527157586514},"StdDev":{"confidence_interval":{"confidence_level":0.95,"lower_bound":49231.405575903016,"upper_bound":128978.90819575178},"point_estimate":86386.28931901569,"standard_error":24651.573267852255}}