{"Mean":{"confidence_interval":{"confidence_level":0.95,"lower_bound":9206.768924214115,"upper_bound":12595.481316901732},"point_estimate":10846.16584072615,"standard_error":866.0580529503167},"Median":{"confidence_interval":{"confidence_level":0.95,"lower_bound":9775.746907376082,"upper_bound":13456.040890633914},"point_estimate":11605.060975934546,"standard_error":1043.872376215654},"MedianAbsDev":{"confidence_interval":{"confidence_level":0.95,"lower_bound":4630.566212504391,"upper_bound":10114.073001967006},"point_estimate":6674.260465872563,"standard_error":1487.6624331336127},"Slope":{"confidence_interval":{"confidence_level":0.95,"lower_bound":11707.68969631345,"upper_bound":13229.080528830236},"point_estimate":12467.255168026435,"standard_error":387.88843326903896},"StdDev":{"confidence_interval":{"confidence_level":0.95,"lower_bound":6778.019483682092,"upper_bound":10958.989519220902},"point_estimate":8705.552400244547,"standard_error":1119.917359823001}}