{"Mean":{"confidence_interval":{"confidence_level":0.95,"lower_bound":152684.72385324028,"upper_bound":204318.79558453613},"point_estimate":177632.28087091312,"standard_error":13140.020499379872},"Median":{"confidence_interval":{"confidence_level":0.95,"lower_bound":166223.40425531915,"upper_bound":196695.5153422502},"point_estimate":179211.46953405018,"standard_error":6488.171202665524},"MedianAbsDev":{"confidence_interval":{"confidence_level":0.95,"lower_bound":54294.219637187794,"upper_bound":114799.76590814469},"point_estimate":74472.51229839947,"standard_error":15089.596819778699},"Slope":{"confidence_interval":{"confidence_level":0.95,"lower_bound":172055.2086461449,"upper_bound":194719.87350612003},"point_estimate":183245.18420084185,"standard_error":5760.355918298842},"StdDev":{"confidence_interval":{"confidence_level":0.95,"lower_bound":101447.83295899426,"upper_bound":163425.52315106362},"point_estimate":131761.85493776787,"standard_error":16100.558167921805}}