{"Mean":{"confidence_interval":{"confidence_level":0.95,"lower_bound":9701.714501482149,"upper_bound":23632.732551762856},"point_estimate":15674.818840971582,"standard_error":3608.1599808440315},"Median":{"confidence_interval":{"confidence_level":0.95,"lower_bound":4471.428571428572,"upper_bound":6861.538461538462},"point_estimate":5134.2417889587705,"standard_error":716.7876006741786},"MedianAbsDev":{"confidence_interval":{"confidence_level":0.95,"lower_bound":1889.8421985914508,"upper_bound":5128.644658652732},"point_estimate":2744.927496370888,"standard_error":957.6076014826931},"Slope":{"confidence_interval":{"confidence_level":0.95,"lower_bound":4188.183614832694,"upper_bound":5036.78417338499},"point_estimate":4556.205999704448,"standard_error":217.5172762815193},"StdDev":{"confidence_interval":{"confidence_level":0.95,"lower_bound":12951.408129914935,"upper_bound":56030.727509006916},"point_estimate":36251.30325177162,"standard_error":11573.7934614409}}