{"Mean":{"confidence_interval":{"confidence_level":0.95,"lower_bound":79494.96454085628,"upper_bound":155272.19060089646},"point_estimate":112743.89662448516,"standard_error":19515.207845946257},"Median":{"confidence_interval":{"confidence_level":0.95,"lower_bound":53791.666666666664,"upper_bound":67197.1706454465},"point_estimate":61219.91911021233,"standard_error":3616.509645575161},"MedianAbsDev":{"confidence_interval":{"confidence_level":0.95,"lower_bound":19245.074283331633,"upper_bound":36706.940705687324},"point_estimate":26987.84782403734,"standard_error":4312.660628266649},"Slope":{"confidence_interval":{"confidence_level":0.95,"lower_bound":45996.091108671935,"upper_bound":54199.993132287775},"point_estimate":49870.0635436678,"standard_error":2092.797395828081},"StdDev":{"confidence_interval":{"confidence_level":0.95,"lower_bound":74610.71924665433,"upper_bound":286705.6749475742},"point_estimate":196093.1716440264,"standard_error":53794.739645973175}}