{"Mean":{"confidence_interval":{"confidence_level":0.95,"lower_bound":7718.457548029541,"upper_bound":13089.622601837105},"point_estimate":10157.717851748159,"standard_error":1375.9081246537353},"Median":{"confidence_interval":{"confidence_level":0.95,"lower_bound":4509.071924780154,"upper_bound":10895.200984413454},"point_estimate":9882.252137658117,"standard_error":1525.8106942905945},"MedianAbsDev":{"confidence_interval":{"confidence_level":0.95,"lower_bound":5871.525156144024,"upper_bound":14196.617336904863},"point_estimate":12747.448180200752,"standard_error":2325.372455753841},"Slope":{"confidence_interval":{"confidence_level":0.95,"lower_bound":10128.033028756154,"upper_bound":12062.31235987499},"point_estimate":11075.007465463641,"standard_error":491.5688745062387},"StdDev":{"confidence_interval":{"confidence_level":0.95,"lower_bound":7737.760664592663,"upper_bound":19454.052865011876},"point_estimate":13882.451053683453,"standard_error":3037.7186175156794}}