{"Mean":{"confidence_interval":{"confidence_level":0.95,"lower_bound":118.08770728889914,"upper_bound":861.8913951639855},"point_estimate":457.20981467204433,"standard_error":188.47880686031925},"Median":{"confidence_interval":{"confidence_level":0.95,"lower_bound":0.00027412280701754384,"upper_bound":0.00044679330065359476},"point_estimate":0.00033259737318840576,"standard_error":0.000046492134521514535},"MedianAbsDev":{"confidence_interval":{"confidence_level":0.95,"lower_bound":0.00014264547160546768,"upper_bound":0.0003761091334152455},"point_estimate":0.00022528921934830847,"standard_error":0.00006084533284890563},"Slope":{"confidence_interval":{"confidence_level":0.95,"lower_bound":96.28292898816362,"upper_bound":1501.0065715907226},"point_estimate":720.8410144358652,"standard_error":360.49105052648594},"StdDev":{"confidence_interval":{"confidence_level":0.95,"lower_bound":951.2972106677644,"upper_bound":2608.8361068152344},"point_estimate":1891.6487082309254,"standard_error":429.78625910083264}}