{"Mean":{"confidence_interval":{"confidence_level":0.95,"lower_bound":32174.985212090673,"upper_bound":52546.139244985214},"point_estimate":40825.74151808942,"standard_error":5256.56144775858},"Median":{"confidence_interval":{"confidence_level":0.95,"lower_bound":27333.333333333332,"upper_bound":31168.449197860966},"point_estimate":28586.91308691309,"standard_error":1064.99608417558},"MedianAbsDev":{"confidence_interval":{"confidence_level":0.95,"lower_bound":4243.059924670628,"upper_bound":8667.926777805598},"point_estimate":5910.905589940281,"standard_error":1185.4270586588937},"Slope":{"confidence_interval":{"confidence_level":0.95,"lower_bound":25416.69203727362,"upper_bound":27781.356169572027},"point_estimate":26601.44229348308,"standard_error":604.1505689833732},"StdDev":{"confidence_interval":{"confidence_level":0.95,"lower_bound":12713.477162793464,"upper_bound":81487.45304930788},"point_estimate":52808.48043715722,"standard_error":17753.056292738933}}