{"Mean":{"confidence_interval":{"confidence_level":0.95,"lower_bound":52136.58780766596,"upper_bound":179344.59324366838},"point_estimate":102003.20726323707,"standard_error":33641.97489817837},"Median":{"confidence_interval":{"confidence_level":0.95,"lower_bound":22709.723820483316,"upper_bound":35331.25},"point_estimate":26815.867579908678,"standard_error":3465.531369868635},"MedianAbsDev":{"confidence_interval":{"confidence_level":0.95,"lower_bound":15007.251656644947,"upper_bound":34637.81778881168},"point_estimate":23611.084996636026,"standard_error":5289.919501197239},"Slope":{"confidence_interval":{"confidence_level":0.95,"lower_bound":18599.326587426123,"upper_bound":24566.235625376165},"point_estimate":21285.612531402396,"standard_error":1523.11668340022},"StdDev":{"confidence_interval":{"confidence_level":0.95,"lower_bound":68224.00200532706,"upper_bound":556869.8898112769},"point_estimate":338645.85586839484,"standard_error":148272.03932023823}}