{"Mean":{"confidence_interval":{"confidence_level":0.95,"lower_bound":847.5604702653427,"upper_bound":925.867927674051},"point_estimate":886.628336123338,"standard_error":19.94147999422445},"Median":{"confidence_interval":{"confidence_level":0.95,"lower_bound":830.9599813142323,"upper_bound":882.8292450583472},"point_estimate":842.6280227596017,"standard_error":13.957754709266398},"MedianAbsDev":{"confidence_interval":{"confidence_level":0.95,"lower_bound":45.07773872994353,"upper_bound":114.71729058233207},"point_estimate":65.45132616516227,"standard_error":17.063807118041318},"Slope":{"confidence_interval":{"confidence_level":0.95,"lower_bound":777.3490537384805,"upper_bound":869.7495913372304},"point_estimate":826.6396473957626,"standard_error":23.587425440336034},"StdDev":{"confidence_interval":{"confidence_level":0.95,"lower_bound":141.27621790547013,"upper_bound":253.55477782541828},"point_estimate":200.6894389012327,"standard_error":28.76417686452104}}