{"Mean":{"confidence_interval":{"confidence_level":0.95,"lower_bound":8642.039953328976,"upper_bound":14102.620415355037},"point_estimate":11181.672045967358,"standard_error":1399.2590910454667},"Median":{"confidence_interval":{"confidence_level":0.95,"lower_bound":4097.823236296879,"upper_bound":12854.481223383662},"point_estimate":11206.186861639784,"standard_error":1925.528774093495},"MedianAbsDev":{"confidence_interval":{"confidence_level":0.95,"lower_bound":6075.432481748599,"upper_bound":16647.915123759347},"point_estimate":14147.648164672462,"standard_error":2473.9316546930295},"Slope":{"confidence_interval":{"confidence_level":0.95,"lower_bound":11074.216706609257,"upper_bound":13363.349921180894},"point_estimate":12216.672622975439,"standard_error":585.2254195156518},"StdDev":{"confidence_interval":{"confidence_level":0.95,"lower_bound":8768.074111382355,"upper_bound":19219.036351526167},"point_estimate":14089.045084748124,"standard_error":2722.820747924941}}