{"Mean":{"confidence_interval":{"confidence_level":0.95,"lower_bound":8990.020986624897,"upper_bound":16652.997344041716},"point_estimate":12022.915435037243,"standard_error":2026.1610835692466},"Median":{"confidence_interval":{"confidence_level":0.95,"lower_bound":9935.95566860465,"upper_bound":12393.174159691469},"point_estimate":11010.00696602722,"standard_error":585.9202063554616},"MedianAbsDev":{"confidence_interval":{"confidence_level":0.95,"lower_bound":4748.469560152197,"upper_bound":9957.829535575489},"point_estimate":6249.983096745636,"standard_error":1283.6649349498343},"Slope":{"confidence_interval":{"confidence_level":0.95,"lower_bound":11465.471137695691,"upper_bound":13051.81465263101},"point_estimate":12277.031193316745,"standard_error":404.38967129764836},"StdDev":{"confidence_interval":{"confidence_level":0.95,"lower_bound":6709.361034005008,"upper_bound":33194.1532211124},"point_estimate":20270.797817200702,"standard_error":8823.804108831104}}