{"Mean":{"confidence_interval":{"confidence_level":0.95,"lower_bound":12616.043380724557,"upper_bound":13516.62399035493},"point_estimate":13090.183539427824,"standard_error":228.9764272938089},"Median":{"confidence_interval":{"confidence_level":0.95,"lower_bound":12987.777777777777,"upper_bound":13133.333333333334},"point_estimate":13085.660683760685,"standard_error":43.60941994187179},"MedianAbsDev":{"confidence_interval":{"confidence_level":0.95,"lower_bound":317.4813750453976,"upper_bound":592.2267393159013},"point_estimate":498.4741875605726,"standard_error":70.67653511954167},"Slope":{"confidence_interval":{"confidence_level":0.95,"lower_bound":12825.044278918605,"upper_bound":13816.08952848471},"point_estimate":13296.964228363135,"standard_error":252.85119742507575},"StdDev":{"confidence_interval":{"confidence_level":0.95,"lower_bound":1256.8054078110272,"upper_bound":3157.166486854293},"point_estimate":2302.3197585530556,"standard_error":484.24414936196155}}