{"Mean":{"confidence_interval":{"confidence_level":0.95,"lower_bound":10836.52034915167,"upper_bound":11979.731794169198},"point_estimate":11365.19680123806,"standard_error":292.4133309153716},"Median":{"confidence_interval":{"confidence_level":0.95,"lower_bound":10066.976038552497,"upper_bound":11012.924240832195},"point_estimate":10320.022628934097,"standard_error":242.66342807967163},"MedianAbsDev":{"confidence_interval":{"confidence_level":0.95,"lower_bound":799.7785521021443,"upper_bound":1787.6789781602279},"point_estimate":1147.3906511939547,"standard_error":248.9414618494395},"Slope":{"confidence_interval":{"confidence_level":0.95,"lower_bound":9759.28849856,"upper_bound":10019.374854604663},"point_estimate":9881.627692158101,"standard_error":66.21748565650127},"StdDev":{"confidence_interval":{"confidence_level":0.95,"lower_bound":1827.5276302275663,"upper_bound":4054.844173774155},"point_estimate":2946.9163776619525,"standard_error":590.8845981199341}}