{"Mean":{"confidence_interval":{"confidence_level":0.95,"lower_bound":0.03281141752327484,"upper_bound":0.07796483485427086},"point_estimate":0.05187377517639621,"standard_error":0.011712661734034764},"Median":{"confidence_interval":{"confidence_level":0.95,"lower_bound":0.016666666666666666,"upper_bound":0.024404761904761905},"point_estimate":0.019803921568627453,"standard_error":0.002009638450441875},"MedianAbsDev":{"confidence_interval":{"confidence_level":0.95,"lower_bound":0.007890549105387204,"upper_bound":0.017959055768714323},"point_estimate":0.01202034999179449,"standard_error":0.0025824808829965126},"Slope":{"confidence_interval":{"confidence_level":0.95,"lower_bound":0.013983835884915268,"upper_bound":0.01615715434503433},"point_estimate":0.014925373134328358,"standard_error":0.0005542678516969428},"StdDev":{"confidence_interval":{"confidence_level":0.95,"lower_bound":0.039484745747294984,"upper_bound":0.1838957726095179},"point_estimate":0.11746028966110347,"standard_error":0.04025715691993551}}