{"Mean":{"confidence_interval":{"confidence_level":0.95,"lower_bound":0.032854376259063456,"upper_bound":0.07818400059999232},"point_estimate":0.05187377517639621,"standard_error":0.01169822646472179},"Median":{"confidence_interval":{"confidence_level":0.95,"lower_bound":0.016666666666666666,"upper_bound":0.024404761904761905},"point_estimate":0.019803921568627453,"standard_error":0.0020152860720358563},"MedianAbsDev":{"confidence_interval":{"confidence_level":0.95,"lower_bound":0.007923646897570864,"upper_bound":0.017974389140852608},"point_estimate":0.01202034999179449,"standard_error":0.002589538919044821},"Slope":{"confidence_interval":{"confidence_level":0.95,"lower_bound":0.013978432783551953,"upper_bound":0.01616393465100024},"point_estimate":0.014925373134328358,"standard_error":0.0005565445491663156},"StdDev":{"confidence_interval":{"confidence_level":0.95,"lower_bound":0.04001547428867104,"upper_bound":0.18452273996135923},"point_estimate":0.11746028966110347,"standard_error":0.04025537827811137}}