{"Mean":{"confidence_interval":{"confidence_level":0.95,"lower_bound":443.55348685533687,"upper_bound":1350.417951617758},"point_estimate":820.6623797528938,"standard_error":236.79723038817528},"Median":{"confidence_interval":{"confidence_level":0.95,"lower_bound":210.77533577533578,"upper_bound":324.3978243978244},"point_estimate":257.7349290780142,"standard_error":28.22440377283956},"MedianAbsDev":{"confidence_interval":{"confidence_level":0.95,"lower_bound":163.83047708354275,"upper_bound":322.8103957534502},"point_estimate":233.45276887805102,"standard_error":38.93198224055585},"Slope":{"confidence_interval":{"confidence_level":0.95,"lower_bound":163.02139059581287,"upper_bound":220.67928855407774},"point_estimate":189.6028236577963,"standard_error":14.699012167360321},"StdDev":{"confidence_interval":{"confidence_level":0.95,"lower_bound":623.9766985307488,"upper_bound":3814.048845773271},"point_estimate":2388.3597278964626,"standard_error":900.977590685476}}