{"Mean":{"confidence_interval":{"confidence_level":0.95,"lower_bound":0.032846926135771566,"upper_bound":0.07794079708681004},"point_estimate":0.05187377517639621,"standard_error":0.01171138372173955},"Median":{"confidence_interval":{"confidence_level":0.95,"lower_bound":0.016666666666666666,"upper_bound":0.024390243902439025},"point_estimate":0.019803921568627453,"standard_error":0.002000308326444456},"MedianAbsDev":{"confidence_interval":{"confidence_level":0.95,"lower_bound":0.007909156764385588,"upper_bound":0.01790906026688467},"point_estimate":0.01202034999179449,"standard_error":0.0025696259809721176},"Slope":{"confidence_interval":{"confidence_level":0.95,"lower_bound":0.013983789265459654,"upper_bound":0.0161550984288362},"point_estimate":0.014925373134328358,"standard_error":0.0005545038614932286},"StdDev":{"confidence_interval":{"confidence_level":0.95,"lower_bound":0.039682637676589964,"upper_bound":0.18423267362596518},"point_estimate":0.11746028966110347,"standard_error":0.04038479936682014}}