{"Mean":{"confidence_interval":{"confidence_level":0.95,"lower_bound":80845.27714113468,"upper_bound":135844.10539312413},"point_estimate":106042.27576376677,"standard_error":14122.962138268858},"Median":{"confidence_interval":{"confidence_level":0.95,"lower_bound":51384.40059568131,"upper_bound":68793.10344827586},"point_estimate":58356.74470457079,"standard_error":3454.9408691930357},"MedianAbsDev":{"confidence_interval":{"confidence_level":0.95,"lower_bound":20947.059741751727,"upper_bound":39488.82566256958},"point_estimate":26970.26206298815,"standard_error":4166.393922228499},"Slope":{"confidence_interval":{"confidence_level":0.95,"lower_bound":45081.084395240185,"upper_bound":53940.89447995218},"point_estimate":49167.91488104034,"standard_error":2266.8186946484334},"StdDev":{"confidence_interval":{"confidence_level":0.95,"lower_bound":82213.98975706754,"upper_bound":193709.7514088419},"point_estimate":141928.56770281683,"standard_error":28637.689974568915}}