{"Mean":{"confidence_interval":{"confidence_level":0.95,"lower_bound":4.74534911665623,"upper_bound":79.15376006485843},"point_estimate":37.103402719508516,"standard_error":19.0220474179951},"Median":{"confidence_interval":{"confidence_level":0.95,"lower_bound":0.000050266411983512615,"upper_bound":0.00007677558697966862},"point_estimate":0.000060118799706471504,"standard_error":7.191655112522841e-6},"MedianAbsDev":{"confidence_interval":{"confidence_level":0.95,"lower_bound":0.00002491767523381067,"upper_bound":0.00006087364907864115},"point_estimate":0.000038575443968567993,"standard_error":9.510561009516225e-6},"Slope":{"confidence_interval":{"confidence_level":0.95,"lower_bound":4.925875533979372,"upper_bound":111.0101920085696},"point_estimate":48.60347208908263,"standard_error":27.789630823094836},"StdDev":{"confidence_interval":{"confidence_level":0.95,"lower_bound":47.4520012720626,"upper_bound":280.1843760726924},"point_estimate":191.49839425100302,"standard_error":56.73405788075604}}