{"Mean":{"confidence_interval":{"confidence_level":0.95,"lower_bound":150063.07564711123,"upper_bound":220320.79934221038},"point_estimate":183751.77906978055,"standard_error":17965.624239418667},"Median":{"confidence_interval":{"confidence_level":0.95,"lower_bound":137061.40350877194,"upper_bound":212335.98875351454},"point_estimate":165574.9495635705,"standard_error":18450.982143235924},"MedianAbsDev":{"confidence_interval":{"confidence_level":0.95,"lower_bound":96110.83875132291,"upper_bound":224996.35381437404},"point_estimate":143167.4582872182,"standard_error":33751.71853986613},"Slope":{"confidence_interval":{"confidence_level":0.95,"lower_bound":171904.7755320068,"upper_bound":205130.9561688912},"point_estimate":188827.88473729463,"standard_error":8485.252588360781},"StdDev":{"confidence_interval":{"confidence_level":0.95,"lower_bound":129528.81003222195,"upper_bound":232192.7216026702},"point_estimate":181665.08382012966,"standard_error":26545.997757796224}}