{"Mean":{"confidence_interval":{"confidence_level":0.95,"lower_bound":1835.6002871492758,"upper_bound":2025.9627494473184},"point_estimate":1924.403701441402,"standard_error":48.8125086945534},"Median":{"confidence_interval":{"confidence_level":0.95,"lower_bound":1715.1571423633686,"upper_bound":1831.0988563829787},"point_estimate":1773.9667319677958,"standard_error":29.584561474398562},"MedianAbsDev":{"confidence_interval":{"confidence_level":0.95,"lower_bound":148.30636651953307,"upper_bound":284.97212139815775},"point_estimate":212.2117821322915,"standard_error":35.502260091163464},"Slope":{"confidence_interval":{"confidence_level":0.95,"lower_bound":1655.1440112875096,"upper_bound":1699.494944159647},"point_estimate":1675.7437401993614,"standard_error":11.28796127195888},"StdDev":{"confidence_interval":{"confidence_level":0.95,"lower_bound":314.04030646250504,"upper_bound":636.2572958311455},"point_estimate":491.12967746072593,"standard_error":82.50375058472385}}