{"Mean":{"confidence_interval":{"confidence_level":0.95,"lower_bound":0.03283839014367703,"upper_bound":0.07799675882099531},"point_estimate":0.05187377517639621,"standard_error":0.011720803034113882},"Median":{"confidence_interval":{"confidence_level":0.95,"lower_bound":0.016666666666666666,"upper_bound":0.024404761904761905},"point_estimate":0.019803921568627453,"standard_error":0.0020210588394413585},"MedianAbsDev":{"confidence_interval":{"confidence_level":0.95,"lower_bound":0.00791629350583003,"upper_bound":0.018041807290687547},"point_estimate":0.01202034999179449,"standard_error":0.0025898531916513094},"Slope":{"confidence_interval":{"confidence_level":0.95,"lower_bound":0.013985071084935172,"upper_bound":0.016167034768449298},"point_estimate":0.014925373134328358,"standard_error":0.000555781727396327},"StdDev":{"confidence_interval":{"confidence_level":0.95,"lower_bound":0.03974451596112179,"upper_bound":0.18480719340993207},"point_estimate":0.11746028966110347,"standard_error":0.04038399091211392}}