{"Mean":{"confidence_interval":{"confidence_level":0.95,"lower_bound":804.2862483586841,"upper_bound":840.7917819368213},"point_estimate":820.2410077253414,"standard_error":9.3755015086056},"Median":{"confidence_interval":{"confidence_level":0.95,"lower_bound":790.6045227400883,"upper_bound":809.6822257383966},"point_estimate":803.5542727314879,"standard_error":5.169550042899611},"MedianAbsDev":{"confidence_interval":{"confidence_level":0.95,"lower_bound":32.739380134386245,"upper_bound":52.72646104054917},"point_estimate":43.04997413517316,"standard_error":4.919101328990387},"Slope":{"confidence_interval":{"confidence_level":0.95,"lower_bound":782.7948346954081,"upper_bound":799.6349648066528},"point_estimate":790.7868169937557,"standard_error":4.300817158195574},"StdDev":{"confidence_interval":{"confidence_level":0.95,"lower_bound":44.89801720744137,"upper_bound":142.29578168728884},"point_estimate":94.48280757344666,"standard_error":27.690622113959407}}