{"Mean":{"confidence_interval":{"confidence_level":0.95,"lower_bound":123.58039280657485,"upper_bound":460.3834112297154},"point_estimate":261.8914428554332,"standard_error":88.15790282275748},"Median":{"confidence_interval":{"confidence_level":0.95,"lower_bound":71.10250155450328,"upper_bound":104.35871173324229},"point_estimate":86.18540425471119,"standard_error":8.610868591411895},"MedianAbsDev":{"confidence_interval":{"confidence_level":0.95,"lower_bound":38.652005509668086,"upper_bound":74.31222063973236},"point_estimate":54.58088091918449,"standard_error":8.82588869798102},"Slope":{"confidence_interval":{"confidence_level":0.95,"lower_bound":64.08925305797698,"upper_bound":79.60169135674754},"point_estimate":71.34149856540257,"standard_error":3.9538748515126936},"StdDev":{"confidence_interval":{"confidence_level":0.95,"lower_bound":147.4703829976654,"upper_bound":1428.8735320116302},"point_estimate":889.7506596119532,"standard_error":348.5431407802383}}