{"Mean":{"confidence_interval":{"confidence_level":0.95,"lower_bound":1355.1674904041831,"upper_bound":1421.5538582433164},"point_estimate":1385.7575634726434,"standard_error":16.998458767765968},"Median":{"confidence_interval":{"confidence_level":0.95,"lower_bound":1304.6588042011383,"upper_bound":1349.48886224522},"point_estimate":1334.8378442357769,"standard_error":9.131882420618563},"MedianAbsDev":{"confidence_interval":{"confidence_level":0.95,"lower_bound":50.058151683748456,"upper_bound":101.10699167661447},"point_estimate":75.77007580323198,"standard_error":11.781993711126454},"Slope":{"confidence_interval":{"confidence_level":0.95,"lower_bound":1300.7107264344993,"upper_bound":1338.2531259828777},"point_estimate":1316.5255664786764,"standard_error":9.744803082338013},"StdDev":{"confidence_interval":{"confidence_level":0.95,"lower_bound":101.4133392421346,"upper_bound":231.09333798505264},"point_estimate":171.29803987545253,"standard_error":32.91035978056262}}