{"Mean":{"confidence_interval":{"confidence_level":0.95,"lower_bound":11162.5956995954,"upper_bound":15639.340089357356},"point_estimate":13323.056223306046,"standard_error":1143.9689280924376},"Median":{"confidence_interval":{"confidence_level":0.95,"lower_bound":10979.358805445761,"upper_bound":13528.138528138528},"point_estimate":12439.70115303161,"standard_error":598.1324852559923},"MedianAbsDev":{"confidence_interval":{"confidence_level":0.95,"lower_bound":4164.9150837322795,"upper_bound":10147.69429857196},"point_estimate":6141.662869516375,"standard_error":1491.8503389282346},"Slope":{"confidence_interval":{"confidence_level":0.95,"lower_bound":12207.421617761025,"upper_bound":13834.569614865743},"point_estimate":13039.410287169016,"standard_error":413.5291790270814},"StdDev":{"confidence_interval":{"confidence_level":0.95,"lower_bound":8816.296653439404,"upper_bound":13826.883117601395},"point_estimate":11500.621283047405,"standard_error":1277.8711687190946}}