{"Mean":{"confidence_interval":{"confidence_level":0.95,"lower_bound":13545.332550989599,"upper_bound":14710.260959065065},"point_estimate":14086.255740101084,"standard_error":298.350955420904},"Median":{"confidence_interval":{"confidence_level":0.95,"lower_bound":12733.413269384493,"upper_bound":13286.321622824602},"point_estimate":13026.669573432162,"standard_error":133.02361191246385},"MedianAbsDev":{"confidence_interval":{"confidence_level":0.95,"lower_bound":801.359766701594,"upper_bound":1582.369250949545},"point_estimate":1179.9749007243115,"standard_error":191.10443676461452},"Slope":{"confidence_interval":{"confidence_level":0.95,"lower_bound":12383.290185068043,"upper_bound":12678.63295696266},"point_estimate":12523.161310762236,"standard_error":75.31121416569874},"StdDev":{"confidence_interval":{"confidence_level":0.95,"lower_bound":1990.96916300522,"upper_bound":4074.8994266806744},"point_estimate":3001.747550534314,"standard_error":564.6911491126162}}