{"Mean":{"confidence_interval":{"confidence_level":0.95,"lower_bound":7130.281936042098,"upper_bound":11160.49252256423},"point_estimate":9030.018771979749,"standard_error":1031.2720311079477},"Median":{"confidence_interval":{"confidence_level":0.95,"lower_bound":3344.701703230584,"upper_bound":10725.154680092211},"point_estimate":9258.879407796376,"standard_error":1769.0228743795928},"MedianAbsDev":{"confidence_interval":{"confidence_level":0.95,"lower_bound":4958.854543876291,"upper_bound":14096.789200355528},"point_estimate":12023.631865449726,"standard_error":2309.06679689439},"Slope":{"confidence_interval":{"confidence_level":0.95,"lower_bound":10096.58504352147,"upper_bound":12293.941869646178},"point_estimate":11174.724288778789,"standard_error":559.279438125227},"StdDev":{"confidence_interval":{"confidence_level":0.95,"lower_bound":7347.121244810587,"upper_bound":13797.704011515692},"point_estimate":10360.697586039963,"standard_error":1748.43917590557}}