{"Mean":{"confidence_interval":{"confidence_level":0.95,"lower_bound":14712.480338184321,"upper_bound":18564.388095953396},"point_estimate":16457.85895343527,"standard_error":990.7795364076553},"Median":{"confidence_interval":{"confidence_level":0.95,"lower_bound":13068.55500821018,"upper_bound":14550.0},"point_estimate":14011.5892053973,"standard_error":367.2936636605869},"MedianAbsDev":{"confidence_interval":{"confidence_level":0.95,"lower_bound":2274.1594234840295,"upper_bound":4221.823193096987},"point_estimate":3302.823904975724,"standard_error":508.60709226829323},"Slope":{"confidence_interval":{"confidence_level":0.95,"lower_bound":12835.855359154757,"upper_bound":19261.99450740501},"point_estimate":15476.21826001437,"standard_error":1683.1078827579536},"StdDev":{"confidence_interval":{"confidence_level":0.95,"lower_bound":4770.286850709827,"upper_bound":13945.860018336502},"point_estimate":9947.041948116552,"standard_error":2308.936704634598}}