{"Mean":{"confidence_interval":{"confidence_level":0.95,"lower_bound":33713.80101129873,"upper_bound":53431.56721766733},"point_estimate":42009.206732765204,"standard_error":5113.771730328151},"Median":{"confidence_interval":{"confidence_level":0.95,"lower_bound":28711.6091954023,"upper_bound":31975.60975609756},"point_estimate":30246.428571428572,"standard_error":959.6419474792445},"MedianAbsDev":{"confidence_interval":{"confidence_level":0.95,"lower_bound":4356.09639738172,"upper_bound":9931.27112803252},"point_estimate":5736.553737614226,"standard_error":1452.6560890975632},"Slope":{"confidence_interval":{"confidence_level":0.95,"lower_bound":26636.182522377774,"upper_bound":28935.98998528824},"point_estimate":27775.46327767105,"standard_error":585.0749458520339},"StdDev":{"confidence_interval":{"confidence_level":0.95,"lower_bound":12962.753657563917,"upper_bound":81475.2834577648},"point_estimate":51495.70953605274,"standard_error":18216.719350894335}}