{"Mean":{"confidence_interval":{"confidence_level":0.95,"lower_bound":45787.042091252835,"upper_bound":48987.956451609345},"point_estimate":47491.121750790895,"standard_error":817.7063024459213},"Median":{"confidence_interval":{"confidence_level":0.95,"lower_bound":48607.07070707071,"upper_bound":50115.0},"point_estimate":49618.336011814274,"standard_error":466.57536628433013},"MedianAbsDev":{"confidence_interval":{"confidence_level":0.95,"lower_bound":2344.7514637091094,"upper_bound":4128.913781702876},"point_estimate":3013.472096627896,"standard_error":462.67659167982794},"Slope":{"confidence_interval":{"confidence_level":0.95,"lower_bound":49936.7902561242,"upper_bound":51677.08373323939},"point_estimate":50844.27341241587,"standard_error":444.51844917847865},"StdDev":{"confidence_interval":{"confidence_level":0.95,"lower_bound":5365.884651962675,"upper_bound":10591.996005888266},"point_estimate":8226.388425048004,"standard_error":1328.4315493533675}}