{"Mean":{"confidence_interval":{"confidence_level":0.95,"lower_bound":0.032841311845526404,"upper_bound":0.07794291161633593},"point_estimate":0.05187377517639621,"standard_error":0.011698038082337965},"Median":{"confidence_interval":{"confidence_level":0.95,"lower_bound":0.016666666666666666,"upper_bound":0.024390243902439025},"point_estimate":0.019803921568627453,"standard_error":0.00200722415801528},"MedianAbsDev":{"confidence_interval":{"confidence_level":0.95,"lower_bound":0.007916401830978227,"upper_bound":0.017951709083002854},"point_estimate":0.01202034999179449,"standard_error":0.0025782032355043775},"Slope":{"confidence_interval":{"confidence_level":0.95,"lower_bound":0.013983689647388128,"upper_bound":0.016155776004129856},"point_estimate":0.014925373134328358,"standard_error":0.0005544669754879273},"StdDev":{"confidence_interval":{"confidence_level":0.95,"lower_bound":0.03959798337538139,"upper_bound":0.1845539222419581},"point_estimate":0.11746028966110347,"standard_error":0.04032798800168762}}