{"Mean":{"confidence_interval":{"confidence_level":0.95,"lower_bound":0.03284930453629365,"upper_bound":0.0780771519067704},"point_estimate":0.05187377517639621,"standard_error":0.01171206791124116},"Median":{"confidence_interval":{"confidence_level":0.95,"lower_bound":0.016666666666666666,"upper_bound":0.024404761904761905},"point_estimate":0.019803921568627453,"standard_error":0.002004935493438855},"MedianAbsDev":{"confidence_interval":{"confidence_level":0.95,"lower_bound":0.007922097379321029,"upper_bound":0.01797416218456806},"point_estimate":0.01202034999179449,"standard_error":0.0025772539764774287},"Slope":{"confidence_interval":{"confidence_level":0.95,"lower_bound":0.013980102069990381,"upper_bound":0.016159932281888084},"point_estimate":0.014925373134328358,"standard_error":0.0005564564132411619},"StdDev":{"confidence_interval":{"confidence_level":0.95,"lower_bound":0.03971228237139906,"upper_bound":0.1849574650140467},"point_estimate":0.11746028966110347,"standard_error":0.040401005981599285}}