{"Mean":{"confidence_interval":{"confidence_level":0.95,"lower_bound":51536.32288791042,"upper_bound":60886.28861190727},"point_estimate":55795.28898530729,"standard_error":2387.844617667113},"Median":{"confidence_interval":{"confidence_level":0.95,"lower_bound":45129.59756848261,"upper_bound":52644.072465646874},"point_estimate":48397.69598681699,"standard_error":1830.2802306301962},"MedianAbsDev":{"confidence_interval":{"confidence_level":0.95,"lower_bound":8436.231075860485,"upper_bound":17539.642705188606},"point_estimate":11922.494110522262,"standard_error":2192.80149356764},"Slope":{"confidence_interval":{"confidence_level":0.95,"lower_bound":44078.93095481019,"upper_bound":50530.824033269586},"point_estimate":46990.3480513016,"standard_error":1651.107093562783},"StdDev":{"confidence_interval":{"confidence_level":0.95,"lower_bound":14507.696837501528,"upper_bound":34183.579678705195},"point_estimate":24022.132988720903,"standard_error":5560.737960283043}}