{"Mean":{"confidence_interval":{"confidence_level":0.95,"lower_bound":141.0575064461029,"upper_bound":402.3394144438326},"point_estimate":249.09594969985613,"standard_error":68.26357568087586},"Median":{"confidence_interval":{"confidence_level":0.95,"lower_bound":83.84644766997708,"upper_bound":113.8997338065661},"point_estimate":94.82426933037365,"standard_error":7.330129511264248},"MedianAbsDev":{"confidence_interval":{"confidence_level":0.95,"lower_bound":44.58669080269746,"upper_bound":71.2962259115929},"point_estimate":61.90273703659996,"standard_error":6.926694247316919},"Slope":{"confidence_interval":{"confidence_level":0.95,"lower_bound":69.0086509872569,"upper_bound":85.45373292027472},"point_estimate":76.78659179350771,"standard_error":4.206850209359246},"StdDev":{"confidence_interval":{"confidence_level":0.95,"lower_bound":193.88596688041818,"upper_bound":1097.17918245746},"point_estimate":687.0218541190809,"standard_error":260.1774952810711}}