{"Mean":{"confidence_interval":{"confidence_level":0.95,"lower_bound":15086.722363750925,"upper_bound":29968.261214773924},"point_estimate":21383.85818266988,"standard_error":3840.4545132964545},"Median":{"confidence_interval":{"confidence_level":0.95,"lower_bound":10448.907407407407,"upper_bound":13032.565922920892},"point_estimate":11765.548256091733,"standard_error":661.6068209144329},"MedianAbsDev":{"confidence_interval":{"confidence_level":0.95,"lower_bound":3805.9304595498716,"upper_bound":6894.5137280635445},"point_estimate":5241.930371449041,"standard_error":804.2225177068547},"Slope":{"confidence_interval":{"confidence_level":0.95,"lower_bound":9383.232847171972,"upper_bound":10708.295812435688},"point_estimate":10009.71687897148,"standard_error":337.9084614633315},"StdDev":{"confidence_interval":{"confidence_level":0.95,"lower_bound":12411.696014979609,"upper_bound":60114.31481593712},"point_estimate":38559.39722172208,"standard_error":12732.515507649312}}