{"Mean":{"confidence_interval":{"confidence_level":0.95,"lower_bound":57.27800393371184,"upper_bound":1960.4382056416025},"point_estimate":828.1277634938177,"standard_error":502.941643284337},"Median":{"confidence_interval":{"confidence_level":0.95,"lower_bound":0.0005561735261401557,"upper_bound":0.0008276740237691002},"point_estimate":0.0006651854290103138,"standard_error":0.0000705978635172665},"MedianAbsDev":{"confidence_interval":{"confidence_level":0.95,"lower_bound":0.0002792090345910713,"upper_bound":0.0006359214703711466},"point_estimate":0.00042199240237531,"standard_error":0.00009148537136095861},"Slope":{"confidence_interval":{"confidence_level":0.95,"lower_bound":19.65319305201011,"upper_bound":665.238842455947},"point_estimate":284.5287957211706,"standard_error":170.55204997979985},"StdDev":{"confidence_interval":{"confidence_level":0.95,"lower_bound":572.763762718004,"upper_bound":7917.999818331407},"point_estimate":5031.458670143109,"standard_error":1975.4470789987631}}