{"Mean":{"confidence_interval":{"confidence_level":0.95,"lower_bound":0.0002977560249894872,"upper_bound":335.34276384132033},"point_estimate":121.71565015786115,"standard_error":94.08979328993503},"Median":{"confidence_interval":{"confidence_level":0.95,"lower_bound":0.00009970089730807577,"upper_bound":0.00015092879256965944},"point_estimate":0.00011884753901560625,"standard_error":0.000013433800994252959},"MedianAbsDev":{"confidence_interval":{"confidence_level":0.95,"lower_bound":0.00004883417668711143,"upper_bound":0.00011575064076612048},"point_estimate":0.00007419780760109458,"standard_error":0.000017274505890890052},"Slope":{"confidence_interval":{"confidence_level":0.95,"lower_bound":0.00008835341497827115,"upper_bound":107.31980783299522},"point_estimate":41.5620771564426,"standard_error":28.829509844046555},"StdDev":{"confidence_interval":{"confidence_level":0.95,"lower_bound":0.0006706993012512324,"upper_bound":1596.3670775675903},"point_estimate":943.0640169323055,"standard_error":502.64692059021417}}