{"Mean":{"confidence_interval":{"confidence_level":0.95,"lower_bound":14335.003088502073,"upper_bound":30047.567785303938},"point_estimate":20810.531530948625,"standard_error":4093.1576061864616},"Median":{"confidence_interval":{"confidence_level":0.95,"lower_bound":8744.453063885267,"upper_bound":10916.384615384615},"point_estimate":9538.135368663596,"standard_error":580.9924402469137},"MedianAbsDev":{"confidence_interval":{"confidence_level":0.95,"lower_bound":3197.56265936597,"upper_bound":6437.493355803524},"point_estimate":4363.8977058586615,"standard_error":831.6951485150761},"Slope":{"confidence_interval":{"confidence_level":0.95,"lower_bound":7962.044923977524,"upper_bound":9396.568931680256},"point_estimate":8633.620712280182,"standard_error":366.1824639496039},"StdDev":{"confidence_interval":{"confidence_level":0.95,"lower_bound":13549.950227158644,"upper_bound":65858.8746676322},"point_estimate":41204.647239901,"standard_error":15744.282120844528}}