{"Mean":{"confidence_interval":{"confidence_level":0.95,"lower_bound":9011.608941536168,"upper_bound":36997.094716277636},"point_estimate":19252.35332010839,"standard_error":7957.38949355767},"Median":{"confidence_interval":{"confidence_level":0.95,"lower_bound":4189.189189189189,"upper_bound":6670.291005291006},"point_estimate":5246.9457013574665,"standard_error":654.3470905913546},"MedianAbsDev":{"confidence_interval":{"confidence_level":0.95,"lower_bound":1564.8108843436369,"upper_bound":4726.868833791501},"point_estimate":2707.2588056914897,"standard_error":815.5533397168688},"Slope":{"confidence_interval":{"confidence_level":0.95,"lower_bound":4050.3653826918576,"upper_bound":4637.396133994699},"point_estimate":4310.3389980789125,"standard_error":149.75394011927312},"StdDev":{"confidence_interval":{"confidence_level":0.95,"lower_bound":11157.24655931264,"upper_bound":135944.2123481849},"point_estimate":80339.2695164083,"standard_error":42558.10712392772}}