{"Mean":{"confidence_interval":{"confidence_level":0.95,"lower_bound":27867.543072973476,"upper_bound":30441.84055245952},"point_estimate":29146.76121345741,"standard_error":657.5178629289356},"Median":{"confidence_interval":{"confidence_level":0.95,"lower_bound":27006.448412698413,"upper_bound":29707.51879699248},"point_estimate":28876.937689969604,"standard_error":711.4033072887797},"MedianAbsDev":{"confidence_interval":{"confidence_level":0.95,"lower_bound":4667.30852146202,"upper_bound":7820.623568052727},"point_estimate":6314.065726532378,"standard_error":800.8105358246843},"Slope":{"confidence_interval":{"confidence_level":0.95,"lower_bound":24143.338652129456,"upper_bound":26539.48098158904},"point_estimate":25326.55020512712,"standard_error":609.6996438170441},"StdDev":{"confidence_interval":{"confidence_level":0.95,"lower_bound":5769.574826736257,"upper_bound":7373.908105268158},"point_estimate":6624.955585654066,"standard_error":408.54016301386423}}