{"Mean":{"confidence_interval":{"confidence_level":0.95,"lower_bound":2510.6127120623883,"upper_bound":3397.202674526326},"point_estimate":2903.177443440575,"standard_error":228.06517581471647},"Median":{"confidence_interval":{"confidence_level":0.95,"lower_bound":2080.532884615385,"upper_bound":2471.1968181818183},"point_estimate":2233.300258884804,"standard_error":109.17689830199858},"MedianAbsDev":{"confidence_interval":{"confidence_level":0.95,"lower_bound":413.90847370942134,"upper_bound":789.0142645509576},"point_estimate":546.3445887095355,"standard_error":100.15090525783619},"Slope":{"confidence_interval":{"confidence_level":0.95,"lower_bound":2077.0391689032945,"upper_bound":2571.6300569607683},"point_estimate":2298.525026932171,"standard_error":126.56542011133475},"StdDev":{"confidence_interval":{"confidence_level":0.95,"lower_bound":1107.3303564984094,"upper_bound":3343.9938831995073},"point_estimate":2298.6266230079254,"standard_error":583.1303881527483}}