{"Mean":{"confidence_interval":{"confidence_level":0.95,"lower_bound":0.03275282599340455,"upper_bound":0.07763171842017935},"point_estimate":0.05187377517639621,"standard_error":0.011610584278935422},"Median":{"confidence_interval":{"confidence_level":0.95,"lower_bound":0.016666666666666666,"upper_bound":0.024404761904761905},"point_estimate":0.019803921568627453,"standard_error":0.002001740285268492},"MedianAbsDev":{"confidence_interval":{"confidence_level":0.95,"lower_bound":0.00790514794714622,"upper_bound":0.017959055768714323},"point_estimate":0.01202034999179449,"standard_error":0.002569498710173878},"Slope":{"confidence_interval":{"confidence_level":0.95,"lower_bound":0.01398841588089605,"upper_bound":0.01615621311464225},"point_estimate":0.014925373134328358,"standard_error":0.0005538286535836728},"StdDev":{"confidence_interval":{"confidence_level":0.95,"lower_bound":0.03962256733885099,"upper_bound":0.18381963047075447},"point_estimate":0.11746028966110347,"standard_error":0.0401726881049425}}