{"Mean":{"confidence_interval":{"confidence_level":0.95,"lower_bound":0.03282253735508683,"upper_bound":0.07810074102380217},"point_estimate":0.05187377517639621,"standard_error":0.011713351504731547},"Median":{"confidence_interval":{"confidence_level":0.95,"lower_bound":0.016666666666666666,"upper_bound":0.024404761904761905},"point_estimate":0.019803921568627453,"standard_error":0.002013851023879968},"MedianAbsDev":{"confidence_interval":{"confidence_level":0.95,"lower_bound":0.007903088180935307,"upper_bound":0.017957066626843026},"point_estimate":0.01202034999179449,"standard_error":0.002582052972016237},"Slope":{"confidence_interval":{"confidence_level":0.95,"lower_bound":0.013986450216751942,"upper_bound":0.01615378575354591},"point_estimate":0.014925373134328358,"standard_error":0.0005533581780057926},"StdDev":{"confidence_interval":{"confidence_level":0.95,"lower_bound":0.03960726532389023,"upper_bound":0.18452602282376845},"point_estimate":0.11746028966110347,"standard_error":0.040411194892283474}}