{"Mean":{"confidence_interval":{"confidence_level":0.95,"lower_bound":849.8200383965255,"upper_bound":1324.6358571736694},"point_estimate":1019.950018143435,"standard_error":140.8899922257988},"Median":{"confidence_interval":{"confidence_level":0.95,"lower_bound":811.2383900928793,"upper_bound":862.006920415225},"point_estimate":838.047218887555,"standard_error":12.946285307077412},"MedianAbsDev":{"confidence_interval":{"confidence_level":0.95,"lower_bound":52.30320399291268,"upper_bound":115.89771560697007},"point_estimate":86.49422122989044,"standard_error":17.34535336931647},"Slope":{"confidence_interval":{"confidence_level":0.95,"lower_bound":775.1478538424833,"upper_bound":876.2392332994796},"point_estimate":827.3215257434435,"standard_error":25.61925850373194},"StdDev":{"confidence_interval":{"confidence_level":0.95,"lower_bound":156.60389130936215,"upper_bound":2417.2026554389904},"point_estimate":1417.0103115060783,"standard_error":797.3098423606106}}