{"Mean":{"confidence_interval":{"confidence_level":0.95,"lower_bound":717.4917973327211,"upper_bound":914.4883482939565},"point_estimate":803.9845407641287,"standard_error":50.593835103863015},"Median":{"confidence_interval":{"confidence_level":0.95,"lower_bound":633.6120401337793,"upper_bound":699.7270217490434},"point_estimate":662.4329049682638,"standard_error":15.035625188258352},"MedianAbsDev":{"confidence_interval":{"confidence_level":0.95,"lower_bound":82.99398099304979,"upper_bound":157.68464463643537},"point_estimate":110.7994096853701,"standard_error":17.364794231729253},"Slope":{"confidence_interval":{"confidence_level":0.95,"lower_bound":604.7239476495404,"upper_bound":631.8375130785831},"point_estimate":617.160527538802,"standard_error":6.897889568251948},"StdDev":{"confidence_interval":{"confidence_level":0.95,"lower_bound":200.6678573531409,"upper_bound":759.4550553236057},"point_estimate":508.4061872861147,"standard_error":144.65761780756011}}