{"Mean":{"confidence_interval":{"confidence_level":0.95,"lower_bound":50255.03573992817,"upper_bound":67577.9533010132},"point_estimate":58127.779286643665,"standard_error":4450.678409244071},"Median":{"confidence_interval":{"confidence_level":0.95,"lower_bound":41975.63676633444,"upper_bound":47716.0815939279},"point_estimate":44994.57908163265,"standard_error":1456.9747561589281},"MedianAbsDev":{"confidence_interval":{"confidence_level":0.95,"lower_bound":8075.3022214359335,"upper_bound":14891.944790560185},"point_estimate":11334.145530809756,"standard_error":1729.935247328218},"Slope":{"confidence_interval":{"confidence_level":0.95,"lower_bound":43352.383711405775,"upper_bound":60320.09339220647},"point_estimate":50824.24820733673,"standard_error":4383.225187764001},"StdDev":{"confidence_interval":{"confidence_level":0.95,"lower_bound":24169.157846710088,"upper_bound":61330.73790983394},"point_estimate":44836.97663461176,"standard_error":9447.41559318539}}