{"Mean":{"confidence_interval":{"confidence_level":0.95,"lower_bound":53825.67118235422,"upper_bound":77972.58712930267},"point_estimate":64357.23695837071,"standard_error":6209.242994494987},"Median":{"confidence_interval":{"confidence_level":0.95,"lower_bound":45235.08861393668,"upper_bound":51436.82432432432},"point_estimate":46606.66408034829,"standard_error":1686.3152676468078},"MedianAbsDev":{"confidence_interval":{"confidence_level":0.95,"lower_bound":9168.229617011162,"upper_bound":16997.375776640245},"point_estimate":11848.917089371833,"standard_error":2026.8789859815827},"Slope":{"confidence_interval":{"confidence_level":0.95,"lower_bound":43094.93108423302,"upper_bound":48678.529166823304},"point_estimate":45661.439018448036,"standard_error":1427.332517205482},"StdDev":{"confidence_interval":{"confidence_level":0.95,"lower_bound":25511.115848447793,"upper_bound":92643.06820517941},"point_estimate":62480.251599106596,"standard_error":17528.726277856404}}