{"Mean":{"confidence_interval":{"confidence_level":0.95,"lower_bound":14653.032064215378,"upper_bound":17376.388453034717},"point_estimate":15882.195744160214,"standard_error":699.5329234270558},"Median":{"confidence_interval":{"confidence_level":0.95,"lower_bound":13548.523206751055,"upper_bound":15378.353241091052},"point_estimate":14377.352532524947,"standard_error":511.0514606729798},"MedianAbsDev":{"confidence_interval":{"confidence_level":0.95,"lower_bound":2680.9055890811164,"upper_bound":5184.231966716578},"point_estimate":3764.9716223138134,"standard_error":629.1457370924805},"Slope":{"confidence_interval":{"confidence_level":0.95,"lower_bound":13426.440393816885,"upper_bound":17092.476185842228},"point_estimate":15106.573279046896,"standard_error":938.1111391905682},"StdDev":{"confidence_interval":{"confidence_level":0.95,"lower_bound":3890.934263302838,"upper_bound":10263.257067875176},"point_estimate":7003.5861737267,"standard_error":1826.702054798787}}