{"Mean":{"confidence_interval":{"confidence_level":0.95,"lower_bound":0.03607240907013084,"upper_bound":9375.065139370552},"point_estimate":3125.0516737751764,"standard_error":3103.814349189692},"Median":{"confidence_interval":{"confidence_level":0.95,"lower_bound":0.016666666666666666,"upper_bound":0.025015634771732333},"point_estimate":0.02000800320128051,"standard_error":0.0022181930526414084},"MedianAbsDev":{"confidence_interval":{"confidence_level":0.95,"lower_bound":0.00804693958949744,"upper_bound":0.018884265399003005},"point_estimate":0.012523408226850665,"standard_error":0.00283447105530016},"Slope":{"confidence_interval":{"confidence_level":0.95,"lower_bound":0.014163768548614189,"upper_bound":7840.327828145248},"point_estimate":2309.0143342692477,"standard_error":2345.6514217924437},"StdDev":{"confidence_interval":{"confidence_level":0.95,"lower_bound":0.04937864101404441,"upper_bound":53577.05835464882},"point_estimate":31249.99478064733,"standard_error":19641.569080015113}}