{"Mean":{"confidence_interval":{"confidence_level":0.95,"lower_bound":1550.3726788391411,"upper_bound":1736.3520376891079},"point_estimate":1636.1897924432692,"standard_error":47.616594809960354},"Median":{"confidence_interval":{"confidence_level":0.95,"lower_bound":1452.2001092896176,"upper_bound":1515.5260500607942},"point_estimate":1473.6655284175129,"standard_error":17.064440441843566},"MedianAbsDev":{"confidence_interval":{"confidence_level":0.95,"lower_bound":112.37867276493925,"upper_bound":197.78507700136328},"point_estimate":139.47386140172273,"standard_error":21.892375057936245},"Slope":{"confidence_interval":{"confidence_level":0.95,"lower_bound":1396.9275735257281,"upper_bound":1436.5986377108811},"point_estimate":1415.4409477624054,"standard_error":10.121358235676754},"StdDev":{"confidence_interval":{"confidence_level":0.95,"lower_bound":296.197964310392,"upper_bound":644.2927475295744},"point_estimate":475.4096239719012,"standard_error":90.81047103498622}}