{"Mean":{"confidence_interval":{"confidence_level":0.95,"lower_bound":15645.94270006595,"upper_bound":33420.848666210586},"point_estimate":23583.838596496487,"standard_error":4559.25719889362},"Median":{"confidence_interval":{"confidence_level":0.95,"lower_bound":8504.132102272728,"upper_bound":11969.4793758967},"point_estimate":9785.673380566801,"standard_error":961.302334672848},"MedianAbsDev":{"confidence_interval":{"confidence_level":0.95,"lower_bound":3806.954724425047,"upper_bound":8308.819940917325},"point_estimate":5814.462815030238,"standard_error":1173.708570741428},"Slope":{"confidence_interval":{"confidence_level":0.95,"lower_bound":7758.28260405412,"upper_bound":9275.81334446269},"point_estimate":8466.2151027043,"standard_error":387.17224118048955},"StdDev":{"confidence_interval":{"confidence_level":0.95,"lower_bound":21701.2791460954,"upper_bound":64564.93385755832},"point_estimate":45842.27293031771,"standard_error":10908.305718957266}}