{"Mean":{"confidence_interval":{"confidence_level":0.95,"lower_bound":414.0407253021587,"upper_bound":1475.3052571104965},"point_estimate":826.8796083558752,"standard_error":282.34642384485517},"Median":{"confidence_interval":{"confidence_level":0.95,"lower_bound":161.82170542635657,"upper_bound":258.91472868217056},"point_estimate":188.53197674418604,"standard_error":27.22886190639085},"MedianAbsDev":{"confidence_interval":{"confidence_level":0.95,"lower_bound":119.4453467166305,"upper_bound":232.16356918147312},"point_estimate":164.7531384598251,"standard_error":30.353543682124617},"Slope":{"confidence_interval":{"confidence_level":0.95,"lower_bound":148.0554424161064,"upper_bound":195.354093748173},"point_estimate":170.17746863197254,"standard_error":12.064192481852762},"StdDev":{"confidence_interval":{"confidence_level":0.95,"lower_bound":664.9377290022928,"upper_bound":4694.256410402339},"point_estimate":2844.057438880888,"standard_error":1280.8162131966833}}