{"Mean":{"confidence_interval":{"confidence_level":0.95,"lower_bound":15339.396515931447,"upper_bound":35506.395742771754},"point_estimate":23784.864679246795,"standard_error":5252.8627963230265},"Median":{"confidence_interval":{"confidence_level":0.95,"lower_bound":8451.07142857143,"upper_bound":12666.65306122449},"point_estimate":9973.544208037825,"standard_error":1096.109179976059},"MedianAbsDev":{"confidence_interval":{"confidence_level":0.95,"lower_bound":4546.220608593013,"upper_bound":9623.221558339186},"point_estimate":6570.756207402733,"standard_error":1225.8895111422526},"Slope":{"confidence_interval":{"confidence_level":0.95,"lower_bound":7599.050311397918,"upper_bound":9354.118307133447},"point_estimate":8404.265219447318,"standard_error":447.99511924572477},"StdDev":{"confidence_interval":{"confidence_level":0.95,"lower_bound":16905.296255868223,"upper_bound":83822.75396961332},"point_estimate":52858.52317290079,"standard_error":19338.503580899367}}