{"Mean":{"confidence_interval":{"confidence_level":0.95,"lower_bound":42922.51816077611,"upper_bound":59966.766678180415},"point_estimate":49921.214975858136,"standard_error":4437.147789440068},"Median":{"confidence_interval":{"confidence_level":0.95,"lower_bound":40222.22222222222,"upper_bound":43045.97701149425},"point_estimate":41890.788224121556,"standard_error":754.098527263271},"MedianAbsDev":{"confidence_interval":{"confidence_level":0.95,"lower_bound":5330.4075355609575,"upper_bound":10034.086351699945},"point_estimate":7227.169589548904,"standard_error":1217.7924159621107},"Slope":{"confidence_interval":{"confidence_level":0.95,"lower_bound":34791.45780097278,"upper_bound":39010.95715448348},"point_estimate":36932.002364415544,"standard_error":1076.0543562574449},"StdDev":{"confidence_interval":{"confidence_level":0.95,"lower_bound":14244.794296000222,"upper_bound":71208.06450377111},"point_estimate":44559.31708815627,"standard_error":16935.07069635053}}