{"Mean":{"confidence_interval":{"confidence_level":0.95,"lower_bound":1499.3318120117215,"upper_bound":1667.0702506883883},"point_estimate":1576.6370802453746,"standard_error":42.91616261224248},"Median":{"confidence_interval":{"confidence_level":0.95,"lower_bound":1394.1607667413493,"upper_bound":1504.363047820572},"point_estimate":1441.186115664271,"standard_error":29.157621905294857},"MedianAbsDev":{"confidence_interval":{"confidence_level":0.95,"lower_bound":138.03309999632214,"upper_bound":261.91145349554796},"point_estimate":187.41850392115427,"standard_error":31.70809319683464},"Slope":{"confidence_interval":{"confidence_level":0.95,"lower_bound":1344.6159511100811,"upper_bound":1381.3262458396061},"point_estimate":1361.2943326049747,"standard_error":9.337755512775322},"StdDev":{"confidence_interval":{"confidence_level":0.95,"lower_bound":257.92725337766853,"upper_bound":571.9442248366067},"point_estimate":431.0687566726468,"standard_error":79.09193283491497}}