{"Mean":{"confidence_interval":{"confidence_level":0.95,"lower_bound":17105.304527730237,"upper_bound":23764.69604601135},"point_estimate":20193.66065452018,"standard_error":1704.2893717352147},"Median":{"confidence_interval":{"confidence_level":0.95,"lower_bound":17027.24358974359,"upper_bound":20182.291666666668},"point_estimate":18129.65983224604,"standard_error":863.5098976941772},"MedianAbsDev":{"confidence_interval":{"confidence_level":0.95,"lower_bound":4396.857318016322,"upper_bound":10175.376974523357},"point_estimate":7349.872926336536,"standard_error":1521.9717668971655},"Slope":{"confidence_interval":{"confidence_level":0.95,"lower_bound":17410.131782517576,"upper_bound":19344.689021480408},"point_estimate":18353.775678340968,"standard_error":492.30716555243714},"StdDev":{"confidence_interval":{"confidence_level":0.95,"lower_bound":11041.12291364014,"upper_bound":23473.949055702855},"point_estimate":17160.471158075616,"standard_error":3321.1073765578767}}