{"Mean":{"confidence_interval":{"confidence_level":0.95,"lower_bound":36499.057798669106,"upper_bound":52754.92356238205},"point_estimate":44421.182000923625,"standard_error":4146.797848445654},"Median":{"confidence_interval":{"confidence_level":0.95,"lower_bound":28988.86827458256,"upper_bound":50904.17979538647},"point_estimate":37380.382775119615,"standard_error":6389.126133717151},"MedianAbsDev":{"confidence_interval":{"confidence_level":0.95,"lower_bound":33296.076960710605,"upper_bound":57371.43362816818},"point_estimate":55420.05343212607,"standard_error":6226.542120403871},"Slope":{"confidence_interval":{"confidence_level":0.95,"lower_bound":45444.00899974555,"upper_bound":60492.077756366736},"point_estimate":52779.53183094429,"standard_error":3849.759191938603},"StdDev":{"confidence_interval":{"confidence_level":0.95,"lower_bound":34059.06123924639,"upper_bound":48918.58641038163},"point_estimate":41656.361940893345,"standard_error":3810.7419873210847}}