{"Mean":{"confidence_interval":{"confidence_level":0.95,"lower_bound":7164.468467307524,"upper_bound":7779.868092744823},"point_estimate":7462.949103716666,"standard_error":157.41563954402454},"Median":{"confidence_interval":{"confidence_level":0.95,"lower_bound":6772.072234473848,"upper_bound":7378.5058139534885},"point_estimate":7102.246780519784,"standard_error":154.53187882348493},"MedianAbsDev":{"confidence_interval":{"confidence_level":0.95,"lower_bound":902.8950591978272,"upper_bound":1712.0152254564025},"point_estimate":1335.5809945672447,"standard_error":204.82185394506465},"Slope":{"confidence_interval":{"confidence_level":0.95,"lower_bound":6726.2491484147795,"upper_bound":7228.4856006240325},"point_estimate":6972.2045185080815,"standard_error":128.2965797133273},"StdDev":{"confidence_interval":{"confidence_level":0.95,"lower_bound":1285.4920423502622,"upper_bound":1874.6882930507225},"point_estimate":1589.0677130227327,"standard_error":151.54955199776796}}