{"Mean":{"confidence_interval":{"confidence_level":0.95,"lower_bound":923.4886033910301,"upper_bound":945.7769042828162},"point_estimate":933.942853078096,"standard_error":5.69430192079928},"Median":{"confidence_interval":{"confidence_level":0.95,"lower_bound":914.0823989758542,"upper_bound":927.6949783636912},"point_estimate":921.0076849536697,"standard_error":4.150969221022986},"MedianAbsDev":{"confidence_interval":{"confidence_level":0.95,"lower_bound":26.877439771396002,"upper_bound":42.52912398603429},"point_estimate":33.28843433153539,"standard_error":3.9437491836888796},"Slope":{"confidence_interval":{"confidence_level":0.95,"lower_bound":912.2561469303864,"upper_bound":930.4624183425905},"point_estimate":921.124702858688,"standard_error":4.653071166627864},"StdDev":{"confidence_interval":{"confidence_level":0.95,"lower_bound":38.41938812090502,"upper_bound":77.22891851054982},"point_estimate":57.333274242828935,"standard_error":10.467644761398756}}