{"Mean":{"confidence_interval":{"confidence_level":0.95,"lower_bound":139.5106562858304,"upper_bound":1421.920156217282},"point_estimate":679.3464900825434,"standard_error":339.0784039229568},"Median":{"confidence_interval":{"confidence_level":0.95,"lower_bound":0.0006053268765133172,"upper_bound":0.0009157509157509158},"point_estimate":0.0007215743440233236,"standard_error":0.00007851503067960427},"MedianAbsDev":{"confidence_interval":{"confidence_level":0.95,"lower_bound":0.00029150982886097613,"upper_bound":0.0007159571587972742},"point_estimate":0.0004576469322872338,"standard_error":0.00010664889591086271},"Slope":{"confidence_interval":{"confidence_level":0.95,"lower_bound":42.48989919273866,"upper_bound":1742.0503931433573},"point_estimate":644.8711025143026,"standard_error":474.11918089218494},"StdDev":{"confidence_interval":{"confidence_level":0.95,"lower_bound":1395.0890933971102,"upper_bound":4875.3802815620065},"point_estimate":3394.449262089263,"standard_error":943.3408556716737}}