{"Mean":{"confidence_interval":{"confidence_level":0.95,"lower_bound":20199.03694991715,"upper_bound":22738.128342020827},"point_estimate":21387.350553634806,"standard_error":646.0633488429196},"Median":{"confidence_interval":{"confidence_level":0.95,"lower_bound":19390.633608815428,"upper_bound":21332.282003710574},"point_estimate":20119.428551246732,"standard_error":410.55604517091996},"MedianAbsDev":{"confidence_interval":{"confidence_level":0.95,"lower_bound":3246.3773988553157,"upper_bound":5937.969459318265},"point_estimate":4441.424527209558,"standard_error":687.0182800011959},"Slope":{"confidence_interval":{"confidence_level":0.95,"lower_bound":19050.065166284137,"upper_bound":20779.888408575145},"point_estimate":19909.03561400916,"standard_error":439.8054322528077},"StdDev":{"confidence_interval":{"confidence_level":0.95,"lower_bound":4439.583756363162,"upper_bound":8745.546092777602},"point_estimate":6481.655806256511,"standard_error":1169.9455707241366}}