{"Mean":{"confidence_interval":{"confidence_level":0.95,"lower_bound":5409.576607074213,"upper_bound":10182.485153867376},"point_estimate":7634.374873019288,"standard_error":1217.6505832335968},"Median":{"confidence_interval":{"confidence_level":0.95,"lower_bound":0.0004177109440267335,"upper_bound":2648.52953640139},"point_estimate":0.0013157894736842105,"standard_error":812.7678468631334},"MedianAbsDev":{"confidence_interval":{"confidence_level":0.95,"lower_bound":0.00046878647274703017,"upper_bound":3926.7096633161154},"point_estimate":0.0018295223160355336,"standard_error":1177.6294986832972},"Slope":{"confidence_interval":{"confidence_level":0.95,"lower_bound":8712.83604734292,"upper_bound":12619.484104938165},"point_estimate":10729.961477621446,"standard_error":993.4816596888335},"StdDev":{"confidence_interval":{"confidence_level":0.95,"lower_bound":8356.022885072372,"upper_bound":16324.26458599883},"point_estimate":12247.436093956652,"standard_error":2128.40016338585}}