{"Mean":{"confidence_interval":{"confidence_level":0.95,"lower_bound":11088.25122863371,"upper_bound":12132.76050402262},"point_estimate":11588.780546544518,"standard_error":267.01177076849433},"Median":{"confidence_interval":{"confidence_level":0.95,"lower_bound":10196.782815183216,"upper_bound":10838.215071507151},"point_estimate":10461.432414427883,"standard_error":184.60475017888626},"MedianAbsDev":{"confidence_interval":{"confidence_level":0.95,"lower_bound":656.7955434857605,"upper_bound":1557.8277608361655},"point_estimate":985.0946894817708,"standard_error":249.96994596682288},"Slope":{"confidence_interval":{"confidence_level":0.95,"lower_bound":10019.956721025497,"upper_bound":10220.704739054663},"point_estimate":10109.840640928287,"standard_error":51.41486918454272},"StdDev":{"confidence_interval":{"confidence_level":0.95,"lower_bound":2032.2477301539034,"upper_bound":3236.2726239311583},"point_estimate":2691.5306267598653,"standard_error":308.239240119379}}