{"Mean":{"confidence_interval":{"confidence_level":0.95,"lower_bound":58.17545866082718,"upper_bound":240.3352358606919},"point_estimate":140.48244023086139,"standard_error":46.74249776763635},"Median":{"confidence_interval":{"confidence_level":0.95,"lower_bound":0.00006346788525006347,"upper_bound":0.00010646225912913872},"point_estimate":0.00007953757048178686,"standard_error":0.00001100167866961823},"MedianAbsDev":{"confidence_interval":{"confidence_level":0.95,"lower_bound":0.00003675187966376046,"upper_bound":0.0000958270467376543},"point_estimate":0.00006001422776057346,"standard_error":0.000015068956258269155},"Slope":{"confidence_interval":{"confidence_level":0.95,"lower_bound":63.08286504879529,"upper_bound":267.73111540831087},"point_estimate":155.91466574587116,"standard_error":52.54466812849129},"StdDev":{"confidence_interval":{"confidence_level":0.95,"lower_bound":250.2542823198627,"upper_bound":641.8468720486884},"point_estimate":469.8502041233162,"standard_error":99.30645908630922}}