{"Mean":{"confidence_interval":{"confidence_level":0.95,"lower_bound":1071.5519776585936,"upper_bound":1160.2881565252428},"point_estimate":1111.6787338477413,"standard_error":22.717273266178427},"Median":{"confidence_interval":{"confidence_level":0.95,"lower_bound":1025.8752657689581,"upper_bound":1073.6600247142414},"point_estimate":1049.2605557364593,"standard_error":13.357811387906558},"MedianAbsDev":{"confidence_interval":{"confidence_level":0.95,"lower_bound":62.41616843849897,"upper_bound":112.27873019628214},"point_estimate":85.39953759568003,"standard_error":13.025808355197885},"Slope":{"confidence_interval":{"confidence_level":0.95,"lower_bound":1033.7884110753037,"upper_bound":1092.2527078996318},"point_estimate":1060.383945119921,"standard_error":14.937822039750785},"StdDev":{"confidence_interval":{"confidence_level":0.95,"lower_bound":128.84069280796749,"upper_bound":328.79370087594856},"point_estimate":229.28566470802429,"standard_error":53.73139319214093}}