{"Mean":{"confidence_interval":{"confidence_level":0.95,"lower_bound":985.9991125190668,"upper_bound":2773.8468383950226},"point_estimate":1768.0048682705283,"standard_error":459.35736261868414},"Median":{"confidence_interval":{"confidence_level":0.95,"lower_bound":421.2558423084739,"upper_bound":642.362392657661},"point_estimate":527.8992317750899,"standard_error":53.37067915559924},"MedianAbsDev":{"confidence_interval":{"confidence_level":0.95,"lower_bound":285.23871032430566,"upper_bound":530.5080149162446},"point_estimate":406.3223239178091,"standard_error":65.38458359108425},"Slope":{"confidence_interval":{"confidence_level":0.95,"lower_bound":357.8468668613433,"upper_bound":466.1284495876979},"point_estimate":408.59177276722176,"standard_error":27.548747115571338},"StdDev":{"confidence_interval":{"confidence_level":0.95,"lower_bound":1889.905193725968,"upper_bound":6835.713145008753},"point_estimate":4609.109321387691,"standard_error":1280.3069145888642}}