{"Mean":{"confidence_interval":{"confidence_level":0.95,"lower_bound":2907.5353571821356,"upper_bound":3206.294177323217},"point_estimate":3046.7636720150927,"standard_error":76.50059268926226},"Median":{"confidence_interval":{"confidence_level":0.95,"lower_bound":2699.274817136886,"upper_bound":2823.8087233671586},"point_estimate":2749.32995215311,"standard_error":30.04838842354048},"MedianAbsDev":{"confidence_interval":{"confidence_level":0.95,"lower_bound":185.3237232009574,"upper_bound":388.4535513973593},"point_estimate":284.56890386328354,"standard_error":52.565698078864514},"Slope":{"confidence_interval":{"confidence_level":0.95,"lower_bound":2629.2999538361646,"upper_bound":2687.1981255347514},"point_estimate":2655.4579776903065,"standard_error":14.796613360247536},"StdDev":{"confidence_interval":{"confidence_level":0.95,"lower_bound":506.8948430403398,"upper_bound":993.8141819167554},"point_estimate":770.3208458518783,"standard_error":124.56699237423692}}