{"Mean":{"confidence_interval":{"confidence_level":0.95,"lower_bound":14324.94826401251,"upper_bound":15582.271421033465},"point_estimate":14921.520613884772,"standard_error":321.96986104278255},"Median":{"confidence_interval":{"confidence_level":0.95,"lower_bound":13399.404761904761,"upper_bound":14269.122869318182},"point_estimate":13751.181625577812,"standard_error":247.13526541330478},"MedianAbsDev":{"confidence_interval":{"confidence_level":0.95,"lower_bound":1130.9412921108335,"upper_bound":2255.79414152805},"point_estimate":1600.6185366378259,"standard_error":307.85221109421707},"Slope":{"confidence_interval":{"confidence_level":0.95,"lower_bound":13003.010116666463,"upper_bound":13306.12728914447},"point_estimate":13142.853424708142,"standard_error":77.19026648537641},"StdDev":{"confidence_interval":{"confidence_level":0.95,"lower_bound":2330.294063051255,"upper_bound":4003.474000658019},"point_estimate":3226.1565253538615,"standard_error":429.6113627253717}}