{"Mean":{"confidence_interval":{"confidence_level":0.95,"lower_bound":7002.4121923253515,"upper_bound":11123.938410995172},"point_estimate":8614.39055774715,"standard_error":1097.0012209258673},"Median":{"confidence_interval":{"confidence_level":0.95,"lower_bound":6077.813825608798,"upper_bound":6907.0632642211585},"point_estimate":6534.595488721805,"standard_error":223.94859480359278},"MedianAbsDev":{"confidence_interval":{"confidence_level":0.95,"lower_bound":1228.557865709123,"upper_bound":2215.0726961862047},"point_estimate":1750.9092664859975,"standard_error":261.6116677917553},"Slope":{"confidence_interval":{"confidence_level":0.95,"lower_bound":5862.250681419413,"upper_bound":6951.983972405456},"point_estimate":6331.96530935733,"standard_error":280.31260655559277},"StdDev":{"confidence_interval":{"confidence_level":0.95,"lower_bound":2592.941567866463,"upper_bound":18060.976131712538},"point_estimate":10977.013630458905,"standard_error":4854.110294175593}}