{"Mean":{"confidence_interval":{"confidence_level":0.95,"lower_bound":18287.098534935132,"upper_bound":30818.28625606435},"point_estimate":23188.24120018789,"standard_error":3321.337339050453},"Median":{"confidence_interval":{"confidence_level":0.95,"lower_bound":14805.63063063063,"upper_bound":17584.675100632547},"point_estimate":16389.622938616583,"standard_error":755.3534321834336},"MedianAbsDev":{"confidence_interval":{"confidence_level":0.95,"lower_bound":3552.0641581697955,"upper_bound":6561.971761169017},"point_estimate":4786.691221979626,"standard_error":758.5506761976004},"Slope":{"confidence_interval":{"confidence_level":0.95,"lower_bound":15307.586296569818,"upper_bound":19619.982273314374},"point_estimate":17141.563469779812,"standard_error":1109.1584344804337},"StdDev":{"confidence_interval":{"confidence_level":0.95,"lower_bound":9167.563150823818,"upper_bound":54623.8261689099},"point_estimate":33301.87661587773,"standard_error":14617.928510492737}}