{"Mean":{"confidence_interval":{"confidence_level":0.95,"lower_bound":20100.200209247552,"upper_bound":25622.597623105637},"point_estimate":22644.31451130817,"standard_error":1411.7393719731924},"Median":{"confidence_interval":{"confidence_level":0.95,"lower_bound":16818.936877076412,"upper_bound":20460.713872497974},"point_estimate":18491.45348837209,"standard_error":917.386421633986},"MedianAbsDev":{"confidence_interval":{"confidence_level":0.95,"lower_bound":5008.109510988256,"upper_bound":9197.588392069116},"point_estimate":6384.096948121414,"standard_error":1072.6245882339085},"Slope":{"confidence_interval":{"confidence_level":0.95,"lower_bound":17228.854615479646,"upper_bound":22504.48075272826},"point_estimate":19667.562452531263,"standard_error":1354.7904325900683},"StdDev":{"confidence_interval":{"confidence_level":0.95,"lower_bound":8773.317199494008,"upper_bound":19334.01840645367},"point_estimate":14208.189449601701,"standard_error":2739.3223931293537}}