{"Mean":{"confidence_interval":{"confidence_level":0.95,"lower_bound":2780.1963613893995,"upper_bound":3750.456546217193},"point_estimate":3227.6404209025886,"standard_error":248.89655148999435},"Median":{"confidence_interval":{"confidence_level":0.95,"lower_bound":2237.0955059918406,"upper_bound":2606.2672935530077},"point_estimate":2421.5361574933004,"standard_error":93.78140272639455},"MedianAbsDev":{"confidence_interval":{"confidence_level":0.95,"lower_bound":619.9345439424143,"upper_bound":1129.2319021924864},"point_estimate":822.3882188483074,"standard_error":128.22229047728038},"Slope":{"confidence_interval":{"confidence_level":0.95,"lower_bound":2288.057321565096,"upper_bound":3823.303215948814},"point_estimate":2939.9797498171993,"standard_error":396.827940118379},"StdDev":{"confidence_interval":{"confidence_level":0.95,"lower_bound":1548.9583762373445,"upper_bound":3396.7444426419033},"point_estimate":2511.7282147180417,"standard_error":477.833039977932}}