{"Mean":{"confidence_interval":{"confidence_level":0.95,"lower_bound":7596.7134380141515,"upper_bound":8267.64901203621},"point_estimate":7913.565731292061,"standard_error":171.70678911025334},"Median":{"confidence_interval":{"confidence_level":0.95,"lower_bound":7216.652960526316,"upper_bound":7660.771829521829},"point_estimate":7443.339285714286,"standard_error":113.2660154647461},"MedianAbsDev":{"confidence_interval":{"confidence_level":0.95,"lower_bound":680.9277353559405,"upper_bound":1208.2709381700383},"point_estimate":907.8747927250856,"standard_error":137.8501525821135},"Slope":{"confidence_interval":{"confidence_level":0.95,"lower_bound":6900.5800682830495,"upper_bound":7126.774745071616},"point_estimate":7010.286260529038,"standard_error":57.722695176037156},"StdDev":{"confidence_interval":{"confidence_level":0.95,"lower_bound":1192.6271894489882,"upper_bound":2212.985619759698},"point_estimate":1725.7841020670917,"standard_error":262.97283893886805}}