{"Mean":{"confidence_interval":{"confidence_level":0.95,"lower_bound":59412.92726627569,"upper_bound":162252.75303008046},"point_estimate":102420.83772141667,"standard_error":26793.219582701888},"Median":{"confidence_interval":{"confidence_level":0.95,"lower_bound":30571.153846153844,"upper_bound":47236.84210526316},"point_estimate":33886.53846153846,"standard_error":4926.498252421865},"MedianAbsDev":{"confidence_interval":{"confidence_level":0.95,"lower_bound":24758.256014390157,"upper_bound":46435.28922307717},"point_estimate":33498.31926874228,"standard_error":5714.625267927029},"Slope":{"confidence_interval":{"confidence_level":0.95,"lower_bound":21953.87794878542,"upper_bound":29451.053794210507},"point_estimate":25386.478498596127,"standard_error":1910.657984265998},"StdDev":{"confidence_interval":{"confidence_level":0.95,"lower_bound":82058.81651989753,"upper_bound":425395.8153017423},"point_estimate":268660.64184775,"standard_error":95153.26710975003}}