{"Mean":{"confidence_interval":{"confidence_level":0.95,"lower_bound":14949.0588926459,"upper_bound":19495.089629029375},"point_estimate":16978.464820183744,"standard_error":1165.4683734971184},"Median":{"confidence_interval":{"confidence_level":0.95,"lower_bound":12586.523498288205,"upper_bound":14179.23485183547},"point_estimate":13251.506243269203,"standard_error":462.30648324698757},"MedianAbsDev":{"confidence_interval":{"confidence_level":0.95,"lower_bound":1772.2453676960188,"upper_bound":3751.270267888376},"point_estimate":2837.7612256384873,"standard_error":539.9391160489433},"Slope":{"confidence_interval":{"confidence_level":0.95,"lower_bound":12638.086900075661,"upper_bound":18982.78289446899},"point_estimate":15163.866489997801,"standard_error":1669.7546174243964},"StdDev":{"confidence_interval":{"confidence_level":0.95,"lower_bound":5359.302589968429,"upper_bound":16633.355999388223},"point_estimate":11725.206863262236,"standard_error":2841.56632698133}}