{"Mean":{"confidence_interval":{"confidence_level":0.95,"lower_bound":93922.8106309746,"upper_bound":129843.3656498557},"point_estimate":109724.46971962549,"standard_error":9206.038159933225},"Median":{"confidence_interval":{"confidence_level":0.95,"lower_bound":106148.09782608696,"upper_bound":123411.7445054945},"point_estimate":114542.31874667731,"standard_error":4520.677885614876},"MedianAbsDev":{"confidence_interval":{"confidence_level":0.95,"lower_bound":22213.612619328174,"upper_bound":46074.48732856609},"point_estimate":30264.600006580506,"standard_error":6076.483351933818},"Slope":{"confidence_interval":{"confidence_level":0.95,"lower_bound":112521.43531118204,"upper_bound":121688.33197156708},"point_estimate":117038.13659907455,"standard_error":2329.9772160455295},"StdDev":{"confidence_interval":{"confidence_level":0.95,"lower_bound":47392.68403823086,"upper_bound":141840.15001725705},"point_estimate":92208.3705610209,"standard_error":29657.91757355401}}