{"Mean":{"confidence_interval":{"confidence_level":0.95,"lower_bound":455.57733194879876,"upper_bound":1769.7434373179897},"point_estimate":1006.2003628644036,"standard_error":342.0981980963226},"Median":{"confidence_interval":{"confidence_level":0.95,"lower_bound":157.01388888888889,"upper_bound":283.06666666666666},"point_estimate":218.76491594808815,"standard_error":33.513068569675575},"MedianAbsDev":{"confidence_interval":{"confidence_level":0.95,"lower_bound":113.4330036845831,"upper_bound":278.4115308596764},"point_estimate":185.80950650514342,"standard_error":44.37078633123479},"Slope":{"confidence_interval":{"confidence_level":0.95,"lower_bound":151.1411095153889,"upper_bound":202.24324414608958},"point_estimate":174.8218511403379,"standard_error":13.063680527005573},"StdDev":{"confidence_interval":{"confidence_level":0.95,"lower_bound":899.6632957498613,"upper_bound":5451.0722600592535},"point_estimate":3440.7551183908777,"standard_error":1252.0134388267863}}