{"Mean":{"confidence_interval":{"confidence_level":0.95,"lower_bound":47296.15326610083,"upper_bound":51315.12480400673},"point_estimate":49244.30084599319,"standard_error":1026.264065653511},"Median":{"confidence_interval":{"confidence_level":0.95,"lower_bound":45905.83719709562,"upper_bound":51069.78653530378},"point_estimate":47540.564058956916,"standard_error":1455.8230719649569},"MedianAbsDev":{"confidence_interval":{"confidence_level":0.95,"lower_bound":6593.656022235764,"upper_bound":9985.689562301908},"point_estimate":8034.819066302548,"standard_error":859.9271091174766},"Slope":{"confidence_interval":{"confidence_level":0.95,"lower_bound":44565.44223644602,"upper_bound":47643.31944628505},"point_estimate":46126.212712955734,"standard_error":786.5241374445827},"StdDev":{"confidence_interval":{"confidence_level":0.95,"lower_bound":7957.052180730882,"upper_bound":12646.491667411346},"point_estimate":10315.742679555216,"standard_error":1212.3096836190516}}