{"Mean":{"confidence_interval":{"confidence_level":0.95,"lower_bound":9.24595073718919,"upper_bound":139.28236838025683},"point_estimate":62.580299826106646,"standard_error":33.80010631657937},"Median":{"confidence_interval":{"confidence_level":0.95,"lower_bound":0.00007715663213386049,"upper_bound":0.00011880011880011879},"point_estimate":0.0000939345142243693,"standard_error":0.000010742033325276525},"MedianAbsDev":{"confidence_interval":{"confidence_level":0.95,"lower_bound":0.0000411090592751335,"upper_bound":0.0000960920979416097},"point_estimate":0.00006338557760730013,"standard_error":0.00001407158621305129},"Slope":{"confidence_interval":{"confidence_level":0.95,"lower_bound":18.92283365909017,"upper_bound":301.10413991392},"point_estimate":135.57977599941395,"standard_error":73.93540576152485},"StdDev":{"confidence_interval":{"confidence_level":0.95,"lower_bound":92.45819144246761,"upper_bound":548.9788895997546},"point_estimate":340.0040861687638,"standard_error":136.71326090103545}}