{"Mean":{"confidence_interval":{"confidence_level":0.95,"lower_bound":12972.206161533526,"upper_bound":14061.877826697193},"point_estimate":13485.713975642586,"standard_error":278.52263708546275},"Median":{"confidence_interval":{"confidence_level":0.95,"lower_bound":12203.494014881915,"upper_bound":12841.149085700217},"point_estimate":12395.979465374483,"standard_error":178.0195196946825},"MedianAbsDev":{"confidence_interval":{"confidence_level":0.95,"lower_bound":878.8249901650846,"upper_bound":1743.1022982926413},"point_estimate":1184.0541136296058,"standard_error":214.32309069963947},"Slope":{"confidence_interval":{"confidence_level":0.95,"lower_bound":11899.39581621889,"upper_bound":12138.815821305481},"point_estimate":12009.464256884072,"standard_error":60.921854568484584},"StdDev":{"confidence_interval":{"confidence_level":0.95,"lower_bound":1986.1573487893454,"upper_bound":3488.587307317084},"point_estimate":2800.9807410942553,"standard_error":385.45626290038996}}