{"Mean":{"confidence_interval":{"confidence_level":0.95,"lower_bound":9075.11860930642,"upper_bound":22173.750181050324},"point_estimate":14431.459617750073,"standard_error":3403.6210147035536},"Median":{"confidence_interval":{"confidence_level":0.95,"lower_bound":4893.506944444444,"upper_bound":6451.612903225807},"point_estimate":5529.166666666666,"standard_error":411.6164076574881},"MedianAbsDev":{"confidence_interval":{"confidence_level":0.95,"lower_bound":2028.264788954445,"upper_bound":4442.099402387433},"point_estimate":2943.611210898349,"standard_error":620.1839320093957},"Slope":{"confidence_interval":{"confidence_level":0.95,"lower_bound":4297.906756745892,"upper_bound":5083.0764308779},"point_estimate":4644.0044332791485,"standard_error":201.56387540644238},"StdDev":{"confidence_interval":{"confidence_level":0.95,"lower_bound":10210.120003999737,"upper_bound":54723.00100703828},"point_estimate":34198.2107204321,"standard_error":12987.017382686889}}