{"Mean":{"confidence_interval":{"confidence_level":0.95,"lower_bound":149620.0235645464,"upper_bound":211783.82843147893},"point_estimate":178515.27094540707,"standard_error":15871.295888304412},"Median":{"confidence_interval":{"confidence_level":0.95,"lower_bound":158468.5598377282,"upper_bound":205254.5155993432},"point_estimate":176778.27099009365,"standard_error":11907.263606026674},"MedianAbsDev":{"confidence_interval":{"confidence_level":0.95,"lower_bound":75630.22913631782,"upper_bound":141046.5394899108},"point_estimate":105904.37785292929,"standard_error":17114.77541626105},"Slope":{"confidence_interval":{"confidence_level":0.95,"lower_bound":182514.59099336655,"upper_bound":214970.87161926544},"point_estimate":198647.2129337607,"standard_error":8270.459055136813},"StdDev":{"confidence_interval":{"confidence_level":0.95,"lower_bound":104926.56174647907,"upper_bound":222855.13172601044},"point_estimate":159566.14247295773,"standard_error":34137.53344121938}}