{"Mean":{"confidence_interval":{"confidence_level":0.95,"lower_bound":13913.351419213008,"upper_bound":17211.546419601375},"point_estimate":15277.290027330995,"standard_error":859.6929312305865},"Median":{"confidence_interval":{"confidence_level":0.95,"lower_bound":12785.812165775402,"upper_bound":14557.524968789014},"point_estimate":13694.91185897436,"standard_error":462.36636377332417},"MedianAbsDev":{"confidence_interval":{"confidence_level":0.95,"lower_bound":2536.3903363870863,"upper_bound":4580.5100989681505},"point_estimate":3476.4043198604336,"standard_error":513.2692385328077},"Slope":{"confidence_interval":{"confidence_level":0.95,"lower_bound":12872.069713726085,"upper_bound":17539.37764271733},"point_estimate":14669.999593616078,"standard_error":1238.5392994796794},"StdDev":{"confidence_interval":{"confidence_level":0.95,"lower_bound":3303.1312033650734,"upper_bound":13705.524417474016},"point_estimate":8618.406757448509,"standard_error":3250.697425050676}}