{"Mean":{"confidence_interval":{"confidence_level":0.95,"lower_bound":9257.087414113254,"upper_bound":20769.50247075135},"point_estimate":14046.752192688955,"standard_error":2988.4231761797005},"Median":{"confidence_interval":{"confidence_level":0.95,"lower_bound":4906.060606060606,"upper_bound":6750.0},"point_estimate":5642.327949438202,"standard_error":533.4619251718459},"MedianAbsDev":{"confidence_interval":{"confidence_level":0.95,"lower_bound":2047.2666629544508,"upper_bound":4304.137267025752},"point_estimate":2595.01119086314,"standard_error":609.9252799648035},"Slope":{"confidence_interval":{"confidence_level":0.95,"lower_bound":4285.847273697634,"upper_bound":4918.633747024134},"point_estimate":4569.367223289493,"standard_error":161.100412554661},"StdDev":{"confidence_interval":{"confidence_level":0.95,"lower_bound":10723.548301705263,"upper_bound":47331.97607531067},"point_estimate":29891.875660191792,"standard_error":10897.949626966747}}