{"Mean":{"confidence_interval":{"confidence_level":0.95,"lower_bound":782.7619981075795,"upper_bound":837.6472098314522},"point_estimate":807.5534771303229,"standard_error":14.040442285406913},"Median":{"confidence_interval":{"confidence_level":0.95,"lower_bound":747.3612491030524,"upper_bound":773.3822260569457},"point_estimate":754.9027497068143,"standard_error":7.3661668087562},"MedianAbsDev":{"confidence_interval":{"confidence_level":0.95,"lower_bound":37.11418122172633,"upper_bound":74.37748481940086},"point_estimate":50.052122987653085,"standard_error":9.652452476106209},"Slope":{"confidence_interval":{"confidence_level":0.95,"lower_bound":746.1762504750811,"upper_bound":776.6526810998464},"point_estimate":760.3930307882758,"standard_error":7.823990928737905},"StdDev":{"confidence_interval":{"confidence_level":0.95,"lower_bound":82.9495130222667,"upper_bound":201.1295402761645},"point_estimate":141.26927520162127,"standard_error":31.907738022419966}}