{"Mean":{"confidence_interval":{"confidence_level":0.95,"lower_bound":54303.077131024154,"upper_bound":122779.45018824445},"point_estimate":84484.94575553914,"standard_error":17714.416788449536},"Median":{"confidence_interval":{"confidence_level":0.95,"lower_bound":26969.23076923077,"upper_bound":48804.8275862069},"point_estimate":31537.157287157286,"standard_error":6566.165951597003},"MedianAbsDev":{"confidence_interval":{"confidence_level":0.95,"lower_bound":22496.26894950574,"upper_bound":48746.44660932504},"point_estimate":29120.50984664397,"standard_error":7271.827076966077},"Slope":{"confidence_interval":{"confidence_level":0.95,"lower_bound":21106.195417787323,"upper_bound":30456.9756923981},"point_estimate":25333.222993941185,"standard_error":2384.874584126846},"StdDev":{"confidence_interval":{"confidence_level":0.95,"lower_bound":79714.508807569,"upper_bound":265771.9667651766},"point_estimate":177722.86435696602,"standard_error":50464.66900435043}}