{"Mean":{"confidence_interval":{"confidence_level":0.95,"lower_bound":92212.3367669273,"upper_bound":100058.73429502478},"point_estimate":95914.87072868015,"standard_error":2006.4550766387765},"Median":{"confidence_interval":{"confidence_level":0.95,"lower_bound":88203.28965905888,"upper_bound":91761.9463869464},"point_estimate":89346.69284669285,"standard_error":856.5402685995055},"MedianAbsDev":{"confidence_interval":{"confidence_level":0.95,"lower_bound":6261.241651462249,"upper_bound":12042.369398746658},"point_estimate":9273.050562981942,"standard_error":1470.13020810448},"Slope":{"confidence_interval":{"confidence_level":0.95,"lower_bound":84362.2238120262,"upper_bound":86868.89682407764},"point_estimate":85582.61624095819,"standard_error":640.2824144417461},"StdDev":{"confidence_interval":{"confidence_level":0.95,"lower_bound":13932.654384155912,"upper_bound":25513.64087379512},"point_estimate":20157.010686431953,"standard_error":2968.149773380639}}