{"Mean":{"confidence_interval":{"confidence_level":0.95,"lower_bound":7795.598337662563,"upper_bound":10763.496821990027},"point_estimate":9174.171533213846,"standard_error":755.1731561885352},"Median":{"confidence_interval":{"confidence_level":0.95,"lower_bound":9077.95822463719,"upper_bound":11171.010147601475},"point_estimate":10151.81803248875,"standard_error":531.3819201024057},"MedianAbsDev":{"confidence_interval":{"confidence_level":0.95,"lower_bound":2866.6730811703887,"upper_bound":5737.40088745239},"point_estimate":3875.0787319220526,"standard_error":723.5390050283537},"Slope":{"confidence_interval":{"confidence_level":0.95,"lower_bound":10096.167854178124,"upper_bound":11169.896453647405},"point_estimate":10634.093199846007,"standard_error":274.2605087911017},"StdDev":{"confidence_interval":{"confidence_level":0.95,"lower_bound":4871.71671529328,"upper_bound":10854.007549000446},"point_estimate":7575.319550653002,"standard_error":1810.3608753862895}}