{"Mean":{"confidence_interval":{"confidence_level":0.95,"lower_bound":6734.251865048042,"upper_bound":8254.449329567726},"point_estimate":7451.185781808122,"standard_error":387.19317938372285},"Median":{"confidence_interval":{"confidence_level":0.95,"lower_bound":5581.045241468577,"upper_bound":6535.693284936479},"point_estimate":6186.253519119175,"standard_error":256.63467031474215},"MedianAbsDev":{"confidence_interval":{"confidence_level":0.95,"lower_bound":1123.9163679618116,"upper_bound":2224.833167893167},"point_estimate":1717.3691924972409,"standard_error":301.55892327315695},"Slope":{"confidence_interval":{"confidence_level":0.95,"lower_bound":5546.460380458755,"upper_bound":6417.673286758318},"point_estimate":5918.678777892715,"standard_error":222.85987298854047},"StdDev":{"confidence_interval":{"confidence_level":0.95,"lower_bound":2654.1716880844933,"upper_bound":5041.998533583032},"point_estimate":3914.858475756617,"standard_error":610.4720103020318}}