{"Mean":{"confidence_interval":{"confidence_level":0.95,"lower_bound":24.0412472933436,"upper_bound":113.04031802303156},"point_estimate":63.68294580663557,"standard_error":22.854803770500055},"Median":{"confidence_interval":{"confidence_level":0.95,"lower_bound":0.00003468368479467259,"upper_bound":0.00005744485294117647},"point_estimate":0.00004430125708820113,"standard_error":5.9148396006791216e-6},"MedianAbsDev":{"confidence_interval":{"confidence_level":0.95,"lower_bound":0.000020156915066684086,"upper_bound":0.000050841344979724884},"point_estimate":0.00003304073930986776,"standard_error":7.927744445570134e-6},"Slope":{"confidence_interval":{"confidence_level":0.95,"lower_bound":30.56354490659259,"upper_bound":138.79905689752783},"point_estimate":79.03232467358896,"standard_error":27.855190682725397},"StdDev":{"confidence_interval":{"confidence_level":0.95,"lower_bound":107.70908960017306,"upper_bound":332.4601672628806},"point_estimate":229.39280036724878,"standard_error":58.126312969277286}}