{"Mean":{"confidence_interval":{"confidence_level":0.95,"lower_bound":9661.955371045891,"upper_bound":13111.567068056413},"point_estimate":11293.229616739778,"standard_error":879.7444115612428},"Median":{"confidence_interval":{"confidence_level":0.95,"lower_bound":9511.154379514963,"upper_bound":11165.85819414939},"point_estimate":10220.634592477461,"standard_error":446.6953194684431},"MedianAbsDev":{"confidence_interval":{"confidence_level":0.95,"lower_bound":2838.9245819519547,"upper_bound":5636.86916744965},"point_estimate":3993.224161789351,"standard_error":730.4942170118351},"Slope":{"confidence_interval":{"confidence_level":0.95,"lower_bound":9973.586773232357,"upper_bound":11176.246900205171},"point_estimate":10578.104219770035,"standard_error":305.9403064737397},"StdDev":{"confidence_interval":{"confidence_level":0.95,"lower_bound":6308.962489315981,"upper_bound":11142.04928708325},"point_estimate":8868.712872892134,"standard_error":1233.857131995861}}