{"Mean":{"confidence_interval":{"confidence_level":0.95,"lower_bound":13087.225943098001,"upper_bound":17488.108624876873},"point_estimate":15205.554078340572,"standard_error":1121.9935260775894},"Median":{"confidence_interval":{"confidence_level":0.95,"lower_bound":12476.408246225319,"upper_bound":15500.992063492064},"point_estimate":14230.843884376492,"standard_error":817.8777347875193},"MedianAbsDev":{"confidence_interval":{"confidence_level":0.95,"lower_bound":4441.378330552186,"upper_bound":8658.105489113212},"point_estimate":6585.820778600698,"standard_error":1097.0638831600538},"Slope":{"confidence_interval":{"confidence_level":0.95,"lower_bound":13191.083774042887,"upper_bound":15217.99593492951},"point_estimate":14192.100848357224,"standard_error":515.280458653316},"StdDev":{"confidence_interval":{"confidence_level":0.95,"lower_bound":8672.995035482068,"upper_bound":13598.596646957189},"point_estimate":11257.614821879191,"standard_error":1251.8600502973813}}