{"Mean":{"confidence_interval":{"confidence_level":0.95,"lower_bound":59482.68645570508,"upper_bound":153920.3206715203},"point_estimate":99354.87277275564,"standard_error":24469.335442239793},"Median":{"confidence_interval":{"confidence_level":0.95,"lower_bound":25653.27308255984,"upper_bound":38211.2676056338},"point_estimate":31467.22939424032,"standard_error":3129.208647617587},"MedianAbsDev":{"confidence_interval":{"confidence_level":0.95,"lower_bound":17228.945302048298,"upper_bound":36097.44714899749},"point_estimate":26911.09029146341,"standard_error":4894.342702762056},"Slope":{"confidence_interval":{"confidence_level":0.95,"lower_bound":21632.007288504705,"upper_bound":29015.049071837926},"point_estimate":25029.59066055859,"standard_error":1887.6266711757532},"StdDev":{"confidence_interval":{"confidence_level":0.95,"lower_bound":79707.3112448793,"upper_bound":385976.4432061086},"point_estimate":245713.9504932668,"standard_error":84806.93035441868}}