{"Mean":{"confidence_interval":{"confidence_level":0.95,"lower_bound":52763.687601997044,"upper_bound":75331.07220520556},"point_estimate":62941.59974135499,"standard_error":5803.863159696678},"Median":{"confidence_interval":{"confidence_level":0.95,"lower_bound":43210.916799152095,"upper_bound":47690.84312016},"point_estimate":44461.57311157312,"standard_error":1346.3763384148608},"MedianAbsDev":{"confidence_interval":{"confidence_level":0.95,"lower_bound":7579.048519999569,"upper_bound":13934.535696123354},"point_estimate":10151.792078766623,"standard_error":1690.9314181163413},"Slope":{"confidence_interval":{"confidence_level":0.95,"lower_bound":42861.648615959195,"upper_bound":57676.91575779527},"point_estimate":49208.28503987954,"standard_error":3840.6859605007007},"StdDev":{"confidence_interval":{"confidence_level":0.95,"lower_bound":29721.479442109074,"upper_bound":81242.05323019356},"point_estimate":58435.31112392221,"standard_error":13111.88998014391}}