{"Mean":{"confidence_interval":{"confidence_level":0.95,"lower_bound":86968.00755405216,"upper_bound":168291.47303920976},"point_estimate":122490.1298041228,"standard_error":20978.895020289357},"Median":{"confidence_interval":{"confidence_level":0.95,"lower_bound":60203.62903225806,"upper_bound":69715.02463054187},"point_estimate":65128.62669245648,"standard_error":2272.665955467183},"MedianAbsDev":{"confidence_interval":{"confidence_level":0.95,"lower_bound":15237.548155629562,"upper_bound":34672.44087540499},"point_estimate":23163.183631324475,"standard_error":4806.275413565816},"Slope":{"confidence_interval":{"confidence_level":0.95,"lower_bound":54105.939137833484,"upper_bound":61941.14775592313},"point_estimate":57791.78661149697,"standard_error":1990.7375125542892},"StdDev":{"confidence_interval":{"confidence_level":0.95,"lower_bound":74465.62891667748,"upper_bound":311048.60565089673},"point_estimate":210087.3423474247,"standard_error":61813.272352359534}}