{"Mean":{"confidence_interval":{"confidence_level":0.95,"lower_bound":0.00013107793423194642,"upper_bound":448.99448961572676},"point_estimate":149.66494012940677,"standard_error":148.14886714479607},"Median":{"confidence_interval":{"confidence_level":0.95,"lower_bound":0.00006385696040868455,"upper_bound":0.00009350483488414522},"point_estimate":0.00007587709413267222,"standard_error":7.708011599614203e-6},"MedianAbsDev":{"confidence_interval":{"confidence_level":0.95,"lower_bound":0.000030331041498000872,"upper_bound":0.00006890775624329098},"point_estimate":0.00004605498081147312,"standard_error":9.898701077573468e-6},"Slope":{"confidence_interval":{"confidence_level":0.95,"lower_bound":0.00005436140841072486,"upper_bound":2.407306998465269},"point_estimate":0.7077964677579441,"standard_error":0.726114538341474},"StdDev":{"confidence_interval":{"confidence_level":0.95,"lower_bound":0.00017013114557255975,"upper_bound":2565.951365078382},"point_estimate":1496.6474904703725,"standard_error":938.4865942817136}}