{"Mean":{"confidence_interval":{"confidence_level":0.95,"lower_bound":1078.3540922271889,"upper_bound":2895.5424531210665},"point_estimate":1882.8679248002754,"standard_error":468.4632284562249},"Median":{"confidence_interval":{"confidence_level":0.95,"lower_bound":454.320987654321,"upper_bound":667.3611111111111},"point_estimate":553.9166666666667,"standard_error":62.591840740415456},"MedianAbsDev":{"confidence_interval":{"confidence_level":0.95,"lower_bound":253.9277586497758,"upper_bound":579.5928896529938},"point_estimate":365.3068571508705,"standard_error":84.737826190122},"Slope":{"confidence_interval":{"confidence_level":0.95,"lower_bound":393.1719776216695,"upper_bound":500.8698067210176},"point_estimate":443.73008718782324,"standard_error":27.44029269997055},"StdDev":{"confidence_interval":{"confidence_level":0.95,"lower_bound":1949.9677873445398,"upper_bound":6792.1560081435855},"point_estimate":4712.7745818645335,"standard_error":1226.058778829637}}