{"Mean":{"confidence_interval":{"confidence_level":0.95,"lower_bound":0.03284786511254875,"upper_bound":0.0776260675337699},"point_estimate":0.05187377517639621,"standard_error":0.01164049753959281},"Median":{"confidence_interval":{"confidence_level":0.95,"lower_bound":0.016666666666666666,"upper_bound":0.024390243902439025},"point_estimate":0.019803921568627453,"standard_error":0.0020119580516231184},"MedianAbsDev":{"confidence_interval":{"confidence_level":0.95,"lower_bound":0.007889278423226715,"upper_bound":0.0179405536402059},"point_estimate":0.01202034999179449,"standard_error":0.0025830700441543866},"Slope":{"confidence_interval":{"confidence_level":0.95,"lower_bound":0.013981973596624673,"upper_bound":0.016151099620194474},"point_estimate":0.014925373134328358,"standard_error":0.0005551481257848407},"StdDev":{"confidence_interval":{"confidence_level":0.95,"lower_bound":0.03978060498029397,"upper_bound":0.1837162953710551},"point_estimate":0.11746028966110347,"standard_error":0.040204646315153594}}