{"Mean":{"confidence_interval":{"confidence_level":0.95,"lower_bound":22794.482021645144,"upper_bound":25199.027843487605},"point_estimate":23919.328955108365,"standard_error":614.351529793626},"Median":{"confidence_interval":{"confidence_level":0.95,"lower_bound":21828.191167574107,"upper_bound":22855.498120300752},"point_estimate":22209.00005229168,"standard_error":267.50359158576595},"MedianAbsDev":{"confidence_interval":{"confidence_level":0.95,"lower_bound":1428.5827437933822,"upper_bound":2636.0561122152076},"point_estimate":1937.9593856396143,"standard_error":302.25197322729787},"Slope":{"confidence_interval":{"confidence_level":0.95,"lower_bound":20133.164844061488,"upper_bound":21614.934431638812},"point_estimate":20952.605212602957,"standard_error":382.2816991718351},"StdDev":{"confidence_interval":{"confidence_level":0.95,"lower_bound":3912.1006958537537,"upper_bound":8100.839692101306},"point_estimate":6189.240624129058,"standard_error":1070.5740999027428}}