{"Mean":{"confidence_interval":{"confidence_level":0.95,"lower_bound":14617.222123826616,"upper_bound":20228.52805877195},"point_estimate":17179.533998972118,"standard_error":1435.4331640306223},"Median":{"confidence_interval":{"confidence_level":0.95,"lower_bound":16441.545106925365,"upper_bound":18534.768067724573},"point_estimate":17145.73659528265,"standard_error":667.4574222980405},"MedianAbsDev":{"confidence_interval":{"confidence_level":0.95,"lower_bound":3724.968246581207,"upper_bound":8932.493418514307},"point_estimate":6453.649915426524,"standard_error":1420.6667839129755},"Slope":{"confidence_interval":{"confidence_level":0.95,"lower_bound":17318.893485476157,"upper_bound":19063.182379891266},"point_estimate":18163.929283652367,"standard_error":444.0034938592357},"StdDev":{"confidence_interval":{"confidence_level":0.95,"lower_bound":9043.767819968825,"upper_bound":20574.211921786497},"point_estimate":14474.681586611734,"standard_error":3334.8062097561483}}