{"Mean":{"confidence_interval":{"confidence_level":0.95,"lower_bound":8506.06344669888,"upper_bound":8728.230402347366},"point_estimate":8611.648141581712,"standard_error":56.65700542402729},"Median":{"confidence_interval":{"confidence_level":0.95,"lower_bound":8346.358049167327,"upper_bound":8446.392773892774},"point_estimate":8396.414027149322,"standard_error":26.88898957788686},"MedianAbsDev":{"confidence_interval":{"confidence_level":0.95,"lower_bound":185.81376593191644,"upper_bound":379.6226336312163},"point_estimate":262.5436551696012,"standard_error":50.250954373354425},"Slope":{"confidence_interval":{"confidence_level":0.95,"lower_bound":8461.716611761069,"upper_bound":8699.708672100276},"point_estimate":8574.262222777961,"standard_error":60.77452990199421},"StdDev":{"confidence_interval":{"confidence_level":0.95,"lower_bound":437.23053854802623,"upper_bound":686.1649117456168},"point_estimate":567.065907403715,"standard_error":63.68977238267698}}