{"Mean":{"confidence_interval":{"confidence_level":0.95,"lower_bound":19158.880920842334,"upper_bound":25737.495533662226},"point_estimate":22178.464568534353,"standard_error":1690.0866536194762},"Median":{"confidence_interval":{"confidence_level":0.95,"lower_bound":15889.584706657877,"upper_bound":18442.819975147562},"point_estimate":16778.558482081404,"standard_error":803.6686837382082},"MedianAbsDev":{"confidence_interval":{"confidence_level":0.95,"lower_bound":3721.224246019485,"upper_bound":7402.256837725383},"point_estimate":5284.468868686343,"standard_error":980.0702724769036},"Slope":{"confidence_interval":{"confidence_level":0.95,"lower_bound":16836.346629432875,"upper_bound":25336.059583331597},"point_estimate":20560.682485352205,"standard_error":2194.019805077061},"StdDev":{"confidence_interval":{"confidence_level":0.95,"lower_bound":9648.561214262469,"upper_bound":23096.697347126836},"point_estimate":17005.54903178887,"standard_error":3436.570319973848}}