{"Mean":{"confidence_interval":{"confidence_level":0.95,"lower_bound":2150.1206314055025,"upper_bound":2811.2481405063572},"point_estimate":2450.409403817703,"standard_error":169.96486173480463},"Median":{"confidence_interval":{"confidence_level":0.95,"lower_bound":1786.3005379142808,"upper_bound":2078.8460946517894},"point_estimate":1943.2077043206664,"standard_error":63.9746084135108},"MedianAbsDev":{"confidence_interval":{"confidence_level":0.95,"lower_bound":431.94639798322225,"upper_bound":806.1427007954968},"point_estimate":635.7509759682713,"standard_error":95.55433751653304},"Slope":{"confidence_interval":{"confidence_level":0.95,"lower_bound":1839.4589335680332,"upper_bound":2619.531003108359},"point_estimate":2182.566761548431,"standard_error":201.06664360227956},"StdDev":{"confidence_interval":{"confidence_level":0.95,"lower_bound":917.3390917074593,"upper_bound":2363.0127046210223},"point_estimate":1713.9765492636102,"standard_error":367.9401687452028}}