{"Mean":{"confidence_interval":{"confidence_level":0.95,"lower_bound":6572.091918062755,"upper_bound":12703.152128947624},"point_estimate":9459.797948119905,"standard_error":1567.6620495974255},"Median":{"confidence_interval":{"confidence_level":0.95,"lower_bound":0.00033523298692591353,"upper_bound":1981.785954859779},"point_estimate":0.0007519462137296532,"standard_error":983.5013714766155},"MedianAbsDev":{"confidence_interval":{"confidence_level":0.95,"lower_bound":0.00036503625670299285,"upper_bound":2938.195689942112},"point_estimate":0.000995280686233551,"standard_error":1444.1868917518455},"Slope":{"confidence_interval":{"confidence_level":0.95,"lower_bound":9546.53114620389,"upper_bound":13971.317943534284},"point_estimate":11815.312548307213,"standard_error":1126.015796650173},"StdDev":{"confidence_interval":{"confidence_level":0.95,"lower_bound":10900.85751163891,"upper_bound":19946.122701782064},"point_estimate":15762.36865935896,"standard_error":2316.9359546861456}}