{"Mean":{"confidence_interval":{"confidence_level":0.95,"lower_bound":33834.49505671421,"upper_bound":51802.87724108574},"point_estimate":41482.725885486994,"standard_error":4631.385514529825},"Median":{"confidence_interval":{"confidence_level":0.95,"lower_bound":28151.162790697672,"upper_bound":31132.075471698114},"point_estimate":29438.229238160602,"standard_error":780.4142302053302},"MedianAbsDev":{"confidence_interval":{"confidence_level":0.95,"lower_bound":4517.177408981561,"upper_bound":10452.117102816597},"point_estimate":6664.479427136385,"standard_error":1533.394611666224},"Slope":{"confidence_interval":{"confidence_level":0.95,"lower_bound":26211.720584334358,"upper_bound":28469.524793808105},"point_estimate":27322.030441850155,"standard_error":577.0468192061038},"StdDev":{"confidence_interval":{"confidence_level":0.95,"lower_bound":14798.87125435501,"upper_bound":72055.39275433283},"point_estimate":46393.23285461728,"standard_error":15048.660059112794}}