{"Mean":{"confidence_interval":{"confidence_level":0.95,"lower_bound":136838.20894844033,"upper_bound":183929.58365461254},"point_estimate":159434.67963143572,"standard_error":12053.663200463949},"Median":{"confidence_interval":{"confidence_level":0.95,"lower_bound":152153.55805243447,"upper_bound":189971.35994087212},"point_estimate":170810.93189964158,"standard_error":10186.375035402014},"MedianAbsDev":{"confidence_interval":{"confidence_level":0.95,"lower_bound":58960.128263593295,"upper_bound":117134.97781548824},"point_estimate":76021.80950078295,"standard_error":14620.077055430545},"Slope":{"confidence_interval":{"confidence_level":0.95,"lower_bound":176983.2954612237,"upper_bound":203801.54823815162},"point_estimate":190244.63083917048,"standard_error":6855.5210645384295},"StdDev":{"confidence_interval":{"confidence_level":0.95,"lower_bound":89390.36629164407,"upper_bound":160642.36068295594},"point_estimate":121105.48384917078,"standard_error":20199.409500656453}}