{"Mean":{"confidence_interval":{"confidence_level":0.95,"lower_bound":2119.931424361067,"upper_bound":2505.3912272346893},"point_estimate":2300.045813904108,"standard_error":98.40691932810367},"Median":{"confidence_interval":{"confidence_level":0.95,"lower_bound":1881.5315196998124,"upper_bound":2129.109756097561},"point_estimate":1949.2871697154471,"standard_error":62.67652964392199},"MedianAbsDev":{"confidence_interval":{"confidence_level":0.95,"lower_bound":342.26816181063464,"upper_bound":640.0470382831129},"point_estimate":434.7007353138781,"standard_error":80.97305049736018},"Slope":{"confidence_interval":{"confidence_level":0.95,"lower_bound":1932.9995176228394,"upper_bound":2626.0871548954715},"point_estimate":2235.74464708575,"standard_error":178.88816276362854},"StdDev":{"confidence_interval":{"confidence_level":0.95,"lower_bound":657.4307863570087,"upper_bound":1322.6475794451476},"point_estimate":988.8533202134246,"standard_error":175.26740258527232}}