{"Mean":{"confidence_interval":{"confidence_level":0.95,"lower_bound":10569.287804063104,"upper_bound":11796.301953707167},"point_estimate":11139.30625190186,"standard_error":314.4151490329657},"Median":{"confidence_interval":{"confidence_level":0.95,"lower_bound":9716.482594476121,"upper_bound":10296.46827071901},"point_estimate":10076.412745830221,"standard_error":162.4914655627153},"MedianAbsDev":{"confidence_interval":{"confidence_level":0.95,"lower_bound":648.9340278119539,"upper_bound":1347.29515289521},"point_estimate":1034.947305927769,"standard_error":192.0268647892528},"Slope":{"confidence_interval":{"confidence_level":0.95,"lower_bound":9556.569440567295,"upper_bound":9762.007732035789},"point_estimate":9650.222366969345,"standard_error":52.499290953577095},"StdDev":{"confidence_interval":{"confidence_level":0.95,"lower_bound":2028.3348711770366,"upper_bound":4208.316860393962},"point_estimate":3163.0904594327153,"standard_error":564.1638462447836}}