{"Mean":{"confidence_interval":{"confidence_level":0.95,"lower_bound":289.56086652054563,"upper_bound":718.3412573477547},"point_estimate":483.73638742561195,"standard_error":109.63677646575172},"Median":{"confidence_interval":{"confidence_level":0.95,"lower_bound":0.000084530853761623,"upper_bound":0.00026896180742334586},"point_estimate":0.00011606736458807465,"standard_error":1.5718831746165944},"MedianAbsDev":{"confidence_interval":{"confidence_level":0.95,"lower_bound":0.00007246969130974004,"upper_bound":0.00034843339676104827},"point_estimate":0.00012194965810124011,"standard_error":2.3304737713560915},"Slope":{"confidence_interval":{"confidence_level":0.95,"lower_bound":269.8237585603666,"upper_bound":572.1219885251351},"point_estimate":416.43971170569324,"standard_error":77.70637390444865},"StdDev":{"confidence_interval":{"confidence_level":0.95,"lower_bound":593.250343077261,"upper_bound":1540.1784457365259},"point_estimate":1102.9116625079316,"standard_error":242.29350699664118}}