{"Mean":{"confidence_interval":{"confidence_level":0.95,"lower_bound":18691.14262354952,"upper_bound":25378.956426655433},"point_estimate":21667.78396115799,"standard_error":1714.9999421024997},"Median":{"confidence_interval":{"confidence_level":0.95,"lower_bound":14986.889572415888,"upper_bound":18167.895962732917},"point_estimate":16402.48015873016,"standard_error":903.9273128223626},"MedianAbsDev":{"confidence_interval":{"confidence_level":0.95,"lower_bound":3905.891135635983,"upper_bound":7531.355465741398},"point_estimate":5214.974602183134,"standard_error":962.2015667353363},"Slope":{"confidence_interval":{"confidence_level":0.95,"lower_bound":15773.252920513833,"upper_bound":22374.817519324704},"point_estimate":18766.50091128516,"standard_error":1691.3924778604473},"StdDev":{"confidence_interval":{"confidence_level":0.95,"lower_bound":9193.063135597675,"upper_bound":25150.429898242463},"point_estimate":17197.79381531996,"standard_error":4383.920619652125}}