{"Mean":{"confidence_interval":{"confidence_level":0.95,"lower_bound":0.03279483758019873,"upper_bound":0.07782138210109205},"point_estimate":0.05187377517639621,"standard_error":0.01165243544461259},"Median":{"confidence_interval":{"confidence_level":0.95,"lower_bound":0.016666666666666666,"upper_bound":0.024404761904761905},"point_estimate":0.019803921568627453,"standard_error":0.002012736252598572},"MedianAbsDev":{"confidence_interval":{"confidence_level":0.95,"lower_bound":0.007889278535538412,"upper_bound":0.017963193182170153},"point_estimate":0.01202034999179449,"standard_error":0.002579018583594143},"Slope":{"confidence_interval":{"confidence_level":0.95,"lower_bound":0.013977975135236883,"upper_bound":0.016156375737798132},"point_estimate":0.014925373134328358,"standard_error":0.000555277412696468},"StdDev":{"confidence_interval":{"confidence_level":0.95,"lower_bound":0.03971176266598921,"upper_bound":0.1839290743070647},"point_estimate":0.11746028966110347,"standard_error":0.040196120590752796}}