{"Mean":{"confidence_interval":{"confidence_level":0.95,"lower_bound":0.00034852649914786496,"upper_bound":157.8285504998544},"point_estimate":67.7349802317335,"standard_error":40.258971046339916},"Median":{"confidence_interval":{"confidence_level":0.95,"lower_bound":0.00011494252873563218,"upper_bound":0.00017105263157894736},"point_estimate":0.00013747165532879818,"standard_error":0.00001467517726386123},"MedianAbsDev":{"confidence_interval":{"confidence_level":0.95,"lower_bound":0.00005741566163127065,"upper_bound":0.000133201270227772},"point_estimate":0.00008721176315756404,"standard_error":0.000019720007487401586},"Slope":{"confidence_interval":{"confidence_level":0.95,"lower_bound":0.00010056179077501562,"upper_bound":232.26788931431574},"point_estimate":91.43647798630609,"standard_error":61.91509443218082},"StdDev":{"confidence_interval":{"confidence_level":0.95,"lower_bound":0.0007709340526792903,"upper_bound":635.3891953026862},"point_estimate":405.8625823683437,"standard_error":148.82053515916797}}