{"Mean":{"confidence_interval":{"confidence_level":0.95,"lower_bound":11745.17865037911,"upper_bound":12520.524903520314},"point_estimate":12162.341980804895,"standard_error":198.44627966029483},"Median":{"confidence_interval":{"confidence_level":0.95,"lower_bound":12379.084932480455,"upper_bound":12576.742581090408},"point_estimate":12459.011650637265,"standard_error":55.14712449154393},"MedianAbsDev":{"confidence_interval":{"confidence_level":0.95,"lower_bound":398.13622866981655,"upper_bound":660.95659711735},"point_estimate":506.1609094639685,"standard_error":66.29836087034306},"Slope":{"confidence_interval":{"confidence_level":0.95,"lower_bound":11316.682788120057,"upper_bound":12239.867847011152},"point_estimate":11825.23751820811,"standard_error":236.75706254170964},"StdDev":{"confidence_interval":{"confidence_level":0.95,"lower_bound":1253.0498987266035,"upper_bound":2627.375659028619},"point_estimate":2004.4565679185187,"standard_error":352.1774389834701}}