{"Mean":{"confidence_interval":{"confidence_level":0.95,"lower_bound":21896.242356139937,"upper_bound":23927.154252342534},"point_estimate":22856.76946559211,"standard_error":518.7657034514065},"Median":{"confidence_interval":{"confidence_level":0.95,"lower_bound":20466.20387285349,"upper_bound":21356.03232269118},"point_estimate":20747.1466947141,"standard_error":218.60678328996244},"MedianAbsDev":{"confidence_interval":{"confidence_level":0.95,"lower_bound":1177.481266569364,"upper_bound":2804.3270747215693},"point_estimate":2022.8250252998846,"standard_error":447.3163097138561},"Slope":{"confidence_interval":{"confidence_level":0.95,"lower_bound":19919.276963675657,"upper_bound":20407.359469532475},"point_estimate":20161.28107999453,"standard_error":123.96974225170624},"StdDev":{"confidence_interval":{"confidence_level":0.95,"lower_bound":3686.177128773333,"upper_bound":6540.715225160231},"point_estimate":5203.1956639619975,"standard_error":730.0763625300594}}