{"Mean":{"confidence_interval":{"confidence_level":0.95,"lower_bound":4821.574512337213,"upper_bound":9650.83657424366},"point_estimate":7080.285638446985,"standard_error":1233.6774179145082},"Median":{"confidence_interval":{"confidence_level":0.95,"lower_bound":0.0002658160552897395,"upper_bound":0.003898635477582846},"point_estimate":0.0005094807726386673,"standard_error":229.06359655861658},"MedianAbsDev":{"confidence_interval":{"confidence_level":0.95,"lower_bound":0.0002771543186354526,"upper_bound":0.005683769680792918},"point_estimate":0.0006501665534883524,"standard_error":335.98151086390817},"Slope":{"confidence_interval":{"confidence_level":0.95,"lower_bound":7023.655212261051,"upper_bound":11085.93388868561},"point_estimate":9080.714669746629,"standard_error":1035.6658261120044},"StdDev":{"confidence_interval":{"confidence_level":0.95,"lower_bound":8335.51208150157,"upper_bound":16195.604999564286},"point_estimate":12408.761120306854,"standard_error":2020.141202799413}}