{"Mean":{"confidence_interval":{"confidence_level":0.95,"lower_bound":753.1828868830296,"upper_bound":835.0687628840852},"point_estimate":792.4256563705194,"standard_error":20.846356119042365},"Median":{"confidence_interval":{"confidence_level":0.95,"lower_bound":744.6006456315735,"upper_bound":783.0193150847257},"point_estimate":760.3362788414335,"standard_error":11.998080900831656},"MedianAbsDev":{"confidence_interval":{"confidence_level":0.95,"lower_bound":42.43557507492638,"upper_bound":103.92979498284292},"point_estimate":70.47784787498458,"standard_error":17.04244591081064},"Slope":{"confidence_interval":{"confidence_level":0.95,"lower_bound":685.129540759224,"upper_bound":792.5147181512202},"point_estimate":743.461884209655,"standard_error":27.508690453521076},"StdDev":{"confidence_interval":{"confidence_level":0.95,"lower_bound":132.03761114164243,"upper_bound":288.8068470812051},"point_estimate":209.92478208580826,"standard_error":41.304813858934985}}