{"Mean":{"confidence_interval":{"confidence_level":0.95,"lower_bound":8216.197968081127,"upper_bound":12599.242837507649},"point_estimate":10341.799228995988,"standard_error":1119.24271074978},"Median":{"confidence_interval":{"confidence_level":0.95,"lower_bound":3105.7443848141525,"upper_bound":12300.38236617184},"point_estimate":10284.023748119493,"standard_error":2230.61625591739},"MedianAbsDev":{"confidence_interval":{"confidence_level":0.95,"lower_bound":4604.576432021794,"upper_bound":16141.039605691216},"point_estimate":13468.787459447203,"standard_error":2446.5325178699936},"Slope":{"confidence_interval":{"confidence_level":0.95,"lower_bound":10158.987559068399,"upper_bound":12728.137998378352},"point_estimate":11451.84841038524,"standard_error":654.5326508496343},"StdDev":{"confidence_interval":{"confidence_level":0.95,"lower_bound":8833.879858191958,"upper_bound":13525.404873096397},"point_estimate":11248.047047347141,"standard_error":1206.8742457395686}}