{"Mean":{"confidence_interval":{"confidence_level":0.95,"lower_bound":115605.16894993746,"upper_bound":126838.11579109445},"point_estimate":120808.0342211792,"standard_error":2872.122328435531},"Median":{"confidence_interval":{"confidence_level":0.95,"lower_bound":108361.96690214548,"upper_bound":115245.96391263058},"point_estimate":112090.3720462544,"standard_error":2006.7668814084318},"MedianAbsDev":{"confidence_interval":{"confidence_level":0.95,"lower_bound":8325.454773378997,"upper_bound":16312.019168563855},"point_estimate":11399.661662417408,"standard_error":2145.7034161769357},"Slope":{"confidence_interval":{"confidence_level":0.95,"lower_bound":106766.06337662804,"upper_bound":108913.53191988195},"point_estimate":107795.4618378026,"standard_error":546.7270417527947},"StdDev":{"confidence_interval":{"confidence_level":0.95,"lower_bound":18463.441547528157,"upper_bound":39120.19711516341},"point_estimate":28860.06615914496,"standard_error":5422.908767822412}}