{"Mean":{"confidence_interval":{"confidence_level":0.95,"lower_bound":10227.916017802585,"upper_bound":11140.46379690496},"point_estimate":10659.416959388484,"standard_error":232.8307369815053},"Median":{"confidence_interval":{"confidence_level":0.95,"lower_bound":9572.616361180191,"upper_bound":10175.324675324675},"point_estimate":9826.800922389157,"standard_error":161.14284465660594},"MedianAbsDev":{"confidence_interval":{"confidence_level":0.95,"lower_bound":767.2273218796016,"upper_bound":1619.8777490191997},"point_estimate":1112.026636777867,"standard_error":217.97679981617034},"Slope":{"confidence_interval":{"confidence_level":0.95,"lower_bound":9272.006089594728,"upper_bound":9536.827602163183},"point_estimate":9397.9587532314,"standard_error":67.38997259103547},"StdDev":{"confidence_interval":{"confidence_level":0.95,"lower_bound":1745.6254407726428,"upper_bound":2838.6494957382047},"point_estimate":2335.373044461121,"standard_error":279.92022365367404}}