{"Mean":{"confidence_interval":{"confidence_level":0.95,"lower_bound":532.4169366275634,"upper_bound":1753.3658644001212},"point_estimate":1043.1031740070646,"standard_error":316.836247113643},"Median":{"confidence_interval":{"confidence_level":0.95,"lower_bound":183.01518716866818,"upper_bound":289.33890183890185},"point_estimate":227.6343443729121,"standard_error":26.89981821588834},"MedianAbsDev":{"confidence_interval":{"confidence_level":0.95,"lower_bound":148.416905169912,"upper_bound":296.3482785250295},"point_estimate":204.87752830222246,"standard_error":36.59467027441273},"Slope":{"confidence_interval":{"confidence_level":0.95,"lower_bound":152.81821783044674,"upper_bound":210.46523480928698},"point_estimate":179.1809043131638,"standard_error":14.731133819016794},"StdDev":{"confidence_interval":{"confidence_level":0.95,"lower_bound":976.7281674017477,"upper_bound":5033.195594880771},"point_estimate":3182.3043688090597,"standard_error":1139.7396517740058}}