{"Mean":{"confidence_interval":{"confidence_level":0.95,"lower_bound":0.03277762991202665,"upper_bound":0.07796760824144772},"point_estimate":0.05187377517639621,"standard_error":0.011733422525729557},"Median":{"confidence_interval":{"confidence_level":0.95,"lower_bound":0.016666666666666666,"upper_bound":0.024404761904761905},"point_estimate":0.019803921568627453,"standard_error":0.002022557608001809},"MedianAbsDev":{"confidence_interval":{"confidence_level":0.95,"lower_bound":0.007884326648244015,"upper_bound":0.01797416218456806},"point_estimate":0.01202034999179449,"standard_error":0.0025931918300116444},"Slope":{"confidence_interval":{"confidence_level":0.95,"lower_bound":0.013986225331677015,"upper_bound":0.016153126706600306},"point_estimate":0.014925373134328358,"standard_error":0.0005538466260961205},"StdDev":{"confidence_interval":{"confidence_level":0.95,"lower_bound":0.03966365278527311,"upper_bound":0.18392042199569486},"point_estimate":0.11746028966110347,"standard_error":0.04036252511257307}}