{"Mean":{"confidence_interval":{"confidence_level":0.95,"lower_bound":90079.28657212338,"upper_bound":220961.6351528123},"point_estimate":145494.30796970244,"standard_error":33886.03983504375},"Median":{"confidence_interval":{"confidence_level":0.95,"lower_bound":53911.39240506329,"upper_bound":71335.07462686568},"point_estimate":60637.121212121216,"standard_error":4432.945799141963},"MedianAbsDev":{"confidence_interval":{"confidence_level":0.95,"lower_bound":24665.66691503805,"upper_bound":46754.37314218797},"point_estimate":34860.10998164485,"standard_error":5750.751591139629},"Slope":{"confidence_interval":{"confidence_level":0.95,"lower_bound":46724.808592838046,"upper_bound":55203.495119889165},"point_estimate":50642.59494606177,"standard_error":2162.16898171204},"StdDev":{"confidence_interval":{"confidence_level":0.95,"lower_bound":87503.01330293033,"upper_bound":534068.0380830357},"point_estimate":340668.35379520984,"standard_error":115994.29119972566}}